-6.056447759191685,没法,0.07308523409363749
-5.79341335335789,字,0.040494933040095604
-5.793293013445331,差劲,-0.10795299938157082
-5.4978371299191595,要死,0.036023713560659365
-5.471364918557969,再也不会,NaN
-5.471364918557969,整整,0.07071342799211461
-5.471364918557969,明明,NaN
-5.471364918557969,越来越,0.07851671075953898
-5.471364918557969,迟到,0.03157793524933489
-5.371829245007054,放,-0.003697439425235982
-5.34595437638667,巨,0.01823129251700678
-5.056447759191685,到处,NaN
-5.056447759191685,扔掉,-0.05426420599383075
-5.056327419279125,上面,NaN
-5.056327419279125,昨天,NaN
-4.886522757749373,没见,NaN
-4.886522757749372,下咽,NaN
-4.886402417836813,远,0.08443507810647771
-4.693877679806977,白菜,NaN
-4.623368012003019,不吃,NaN
-4.586842135977905,没吃过,NaN
-4.471485258470529,取餐,NaN
-4.471485258470529,说好,0.125086025086025
-4.471485258470529,貌似,NaN
-4.471485258470529,超慢,NaN
-4.471485258470528,剩,0.07800421800421803
-4.471485258470528,所有,0.049735449735449744
-4.471364918557969,一句,NaN
-4.471364918557969,千万别,NaN
-4.2084508526367355,几口,NaN
-4.2084508526367355,巨慢,NaN
-4.208450852636735,唯一,NaN
-4.208450852636735,尼玛,NaN
-4.208330512724174,不动,NaN
-4.208210172811615,早餐,NaN
-4.056327419279125,点餐,NaN
-4.038405511281863,不要,0.07071342799211461
-3.886522757749373,几块,NaN
-3.886522757749373,合谷,NaN
-3.886522757749373,头,0.038204904339358026
-3.886522757749373,奇葩,0.018796871405567073
-3.886522757749373,差距,NaN
-3.886522757749373,肉卷,NaN
-3.886522757749373,芹菜,NaN
-3.886522757749373,除了,0.07071342799211461
-3.8865227577493724,叫,0.04006718354868938
-3.8864024178368126,一块,0.024012411982336834
-3.8864024178368126,不值,NaN
-3.8864024178368126,很差,NaN
-3.8864024178368126,浪费,0.036105006105006054
-3.8864024178368126,番茄酱,NaN
-3.8864024178368126,直接,0.04789115646258513
-3.886402417836812,退单,NaN
-3.886402417836812,餐巾纸,NaN
-3.8864024178368117,几天,NaN
-3.833934997942677,别的,NaN
-3.793293013445331,垃圾,NaN
-3.7794872139203006,什么,0.07071342799211461
-3.7123730180617636,太,0.07851671075953898
-3.6938776798069766,小炒,NaN
-3.693877679806976,太差,NaN
-3.6937573398944163,之一,NaN
-3.6234883519155785,排骨,NaN
-3.6234883519155785,然后,0.05538745905885872
-3.5094329593914884,这么,NaN
-3.471605598383089,要命,0.018224156795585256
-3.471485258470529,最差,-0.059876051151913245
-3.471485258470529,永远,0.013006506677906371
-3.471485258470529,没用,0.0070881393309675245
-3.471485258470529,红油,NaN
-3.471485258470529,道歉,0.021004580815901563
-3.471485258470529,黑,-0.018299319727891117
-3.4714852584705285,不敢,NaN
-3.4714852584705285,太太,NaN
-3.4714852584705285,好意思,0.1592740592740592
-3.4714852584705285,漏,0.06190476190476185
-3.4714852584705285,瘦肉,NaN
-3.4714852584705285,遇到,0.10415140415140417
-3.471364918557969,上楼,NaN
-3.471364918557969,两口,NaN
-3.471364918557969,公司,NaN
-3.471364918557969,几个,NaN
-3.471364918557969,咬,0.01841202879569631
-3.471364918557969,宫爆鸡丁,NaN
-3.471364918557969,无语,NaN
-3.471364918557969,炸鸡,NaN
-3.471364918557969,菜花,NaN
-3.4713649185579687,7,NaN
-3.4713649185579687,下雨天,NaN
-3.4713649185579687,他妈的,0.10699865907814521
-3.4713649185579687,体验,0.05521229181327697
-3.4713649185579687,光顾,0.012185393997632854
-3.4713649185579687,全都,0.0070881393309675245
-3.4713649185579687,千万,0.05438181681930587
-3.4713649185579687,各种,0.03157793524933489
-3.4713649185579687,坑爹,NaN
-3.4713649185579687,成,0.14093048713738365
-3.4713649185579687,纸袋,NaN
-3.4713649185579682,....,NaN
-3.4713649185579682,问,0.07963362396798845
-3.4712445786454094,鱿鱼,NaN
-3.471244578645409,三次,NaN
-3.471244578645409,酱汤,NaN
-3.4712445786454085,90,NaN
-3.3782555141664874,一次,NaN
-3.34583403647411,恶心,0.08109466423752143
-3.3015602570282168,抄手,NaN
-3.3015602570282168,明显,NaN
-3.3014399171156565,别,0.07313968946399757
-3.2083305127241752,一家,NaN
-3.2083305127241752,新鲜,0.01729222096362054
-3.208330512724175,一个多,NaN
-3.208330512724175,下去,0.08879951980792311
-3.208330512724175,放盐,NaN
-3.2083305127241744,没熟,NaN
-3.181858301362984,跟,0.07590651924124414
-3.175909035031798,根本,0.007922918586799443
-3.1495571635831663,豆角,NaN
-3.149436823670606,不行,0.010097787634733457
-3.079047495779209,豆腐,NaN
-3.056447759191685,一股,NaN
-3.056447759191684,退,-0.017820203591528472
-3.0563274192791248,你们,NaN
-3.0563274192791248,最,0.030897663140491305
-3.0239059415867477,建议,0.03921230041984758
-3.0119332999206714,怎么,0.07868426875851331
-3.0018796352567483,过,0.11236807366624818
-2.973865259087152,再也,NaN
-2.956791745728211,餐厅,NaN
-2.886643097661933,欺骗,0.01259132224318299
-2.8866430976619326,-,0.030338400213875905
-2.8866430976619326,一点半,NaN
-2.8866430976619326,还少,NaN
-2.886643097661932,不送,NaN
-2.886643097661932,受不了,NaN
-2.886643097661932,面都,NaN
-2.886643097661932,食欲,0.08641009970421731
-2.886522757749373,35,NaN
-2.886522757749373,下面,0.057150191856074284
-2.886522757749373,不让,NaN
-2.886522757749373,十点,NaN
-2.886522757749373,午餐,NaN
-2.886522757749373,变,0.05240905862858053
-2.886522757749373,咬不动,NaN
-2.886522757749373,图片,NaN
-2.886522757749373,尝试,NaN
-2.886522757749373,恶劣,-0.12451973147625311
-2.886522757749373,拉肚子,NaN
-2.886522757749373,显示,0.01259132224318299
-2.886522757749373,煎蛋,NaN
-2.886522757749373,第三次,NaN
-2.886522757749373,蛋,NaN
-2.886522757749373,见,0.09533847432261588
-2.886522757749373,顾客,NaN
-2.886522757749373,（,0.030338400213875905
-2.8865227577493724,为啥,0.07071342799211461
-2.8865227577493724,做好,0.007952352596969026
-2.8865227577493724,傻,0.03964543393114828
-2.8865227577493724,半,0.04110174477314438
-2.8865227577493724,外,0.021074005359719705
-2.8865227577493724,外送,NaN
-2.8865227577493724,太辣,NaN
-2.8865227577493724,她,NaN
-2.8865227577493724,搞,-0.05446221654933092
-2.8865227577493724,早上,NaN
-2.8865227577493724,明白,0.04154195011337869
-2.8865227577493724,极差,NaN
-2.8865227577493724,留言,NaN
-2.8865227577493724,补送,NaN
-2.8865227577493724,醋,0.1697626622228955
-2.8865227577493724,难,-0.04905259939366813
-2.8865227577493724,高峰,NaN
-2.886522757749372,告知,0.021004580815901563
-2.886522757749372,没人,NaN
-2.886522757749372,蒜,NaN
-2.886522757749372,认识,0.05998168498168488
-2.886402417836813,夹生,NaN
-2.886402417836813,差远了,NaN
-2.886402417836813,离,NaN
-2.886402417836813,苦,0.027640529896169053
-2.886402417836813,调料,NaN
-2.8864024178368126,25,NaN
-2.8864024178368126,三鲜,NaN
-2.8864024178368126,不再,0.019357046893992702
-2.8864024178368126,不知,0.07069597069597067
-2.8864024178368126,不订,NaN
-2.8864024178368126,两块,NaN
-2.8864024178368126,人家,NaN
-2.8864024178368126,全凉,NaN
-2.8864024178368126,关东煮,NaN
-2.8864024178368126,再订,NaN
-2.8864024178368126,半天,NaN
-2.8864024178368126,咖喱,NaN
-2.8864024178368126,地,0.05547619047619046
-2.8864024178368126,夹,0.027834301745963352
-2.8864024178368126,忙,NaN
-2.8864024178368126,扔,0.01589596913677943
-2.8864024178368126,掉,0.08403761504601848
-2.8864024178368126,放在,NaN
-2.8864024178368126,服,0.06196874269896574
-2.8864024178368126,果断,0.025215419501133873
-2.8864024178368126,水果,NaN
-2.8864024178368126,油太大,NaN
-2.8864024178368126,点儿,NaN
-2.8864024178368126,玩意,NaN
-2.8864024178368126,真是太,NaN
-2.8864024178368126,糊弄,0.001610370510829573
-2.8864024178368126,绝对,0.03994528218811039
-2.8864024178368126,老板,NaN
-2.8864024178368126,荤,NaN
-2.8864024178368126,酸菜,NaN
-2.886402417836812,一看,NaN
-2.886402417836812,厨师,NaN
-2.886402417836812,好几个,NaN
-2.886402417836812,总之,0.07071342799211461
-2.886402417836812,片,0.03602684316970034
-2.886402417836812,饭盒,NaN
-2.886402417836812,饭里,NaN
-2.886402417836812,黄瓜,NaN
-2.886282077924253,点半才,NaN
-2.8862820779242524,我能,NaN
-2.8862820779242524,有股,NaN
-2.8862820779242524,炒,0.010490236580462164
-2.8862820779242524,锅包肉,NaN
-2.8862820779242524,餐具,NaN
-2.8862820779242524,馊,0.005854145854145898
-2.809234557314353,全是,NaN
-2.7932930134453304,他们,NaN
-2.7932930134453304,醉,-0.05388296498052597
-2.734399324391763,为什么,0.07071342799211461
-2.734399324391762,宫保鸡,NaN
-2.7164774163945,40,NaN
-2.705830172194992,还有,NaN
-2.6938776798069766,其它,NaN
-2.6937573398944163,吐,0.024131635909031557
-2.6799515403693865,么,0.07071342799211461
-2.664009996500365,订餐,NaN
-2.6412899200002813,不想,NaN
-2.623368012003019,出来,0.08879951980792311
-2.6233680120030187,盐,NaN
-2.6233680120030187,还贵,NaN
-2.6233680120030183,哎,0.07071342799211461
-2.573463106176705,差,-0.013656601396539403
-2.5644743229494504,将近,NaN
-2.5644743229494504,理解,NaN
-2.514433640449855,不能,0.07071342799211461
-2.493732731586423,知道,0.07069597069597067
-2.4807636165602185,辣,-0.0032827489970347346
-2.471485258470529,腥,0.017292220963620597
-2.471485258470528,没人接,NaN
-2.471485258470528,这是,NaN
-2.471364918557969,一大,NaN
-2.471364918557969,两份,NaN
-2.471364918557969,居然,0.07071342799211461
-2.4713649185579687,一样,NaN
-2.4713649185579687,从来,0.0070881393309675245
-2.4713649185579687,全部,0.030897663140491305
-2.4713649185579687,再说,0.051220004485310555
-2.4713649185579687,凉拌,0.005114122068300031
-2.4713649185579687,差点,NaN
-2.4713649185579687,店家,NaN
-2.4713649185579687,接单,NaN
-2.4713649185579687,着急,0.05231213231213239
-2.4713649185579687,石锅,NaN
-2.4713649185579687,路,-0.003626541525701188
-2.4713649185579687,酥,0.0027406281661601084
-2.4713649185579687,麻辣烫,NaN
-2.4713649185579682,一层,NaN
-2.4713649185579682,不辣,NaN
-2.4713649185579682,忍,0.10229158329998667
-2.4712445786454094,任何,0.08824460191600153
-2.4712445786454085,五花肉,NaN
-2.4712445786454085,打死,-0.07152694924123498
-2.4712445786454085,这里,NaN
-2.444892707196778,不好,NaN
-2.4224553180770227,死,0.060789087789087703
-2.4124712295044004,差评,NaN
-2.400975590666571,坨,NaN
-2.4009755906665706,啥,0.07071342799211461
-2.4009755906665706,甜,0.023235806597248276
-2.386476020971456,把,0.03022612522315038
-2.371829245007054,酱,0.008854251055931739
-2.3717089050944944,催单,NaN
-2.360333606169225,对,0.0853831417624521
-2.3558877011380326,想,0.18725550826391163
-2.3420819016130023,真的,NaN
-2.338914622534319,硬,0.021941867656153358
-2.338914622534319,这,0.044883529169243486
-2.3193618251129187,这个,NaN
-2.3015602570282163,并且,0.07071342799211461
-2.3015602570282163,接电话,NaN
-2.3015602570282163,鸡块,NaN
-2.3015602570282163,）,0.030338400213875905
-2.301439917115657,下,0.060707759673276906
-2.301439917115657,之后,0.07159732922444784
-2.3014399171156565,一起,0.025215419501133873
-2.3014399171156565,不少,0.07851671075953898
-2.3014399171156565,事儿,NaN
-2.3014399171156565,卖,0.012185393997632854
-2.3014399171156565,打开,-0.030036971240280153
-2.3014399171156565,熟,0.10043908472479907
-2.3014399171156565,芝士,NaN
-2.301439917115656,差不多,-0.0263203463203463
-2.301439917115656,鸡丝,NaN
-2.275444708582712,简直,0.07071342799211461
-2.264914041090543,其他,0.03157793524933489
-2.2343257212571195,真心,0.06116780045351483
-2.2083305127241752,本来,0.05538745905885872
-2.2083305127241752,盖饭,NaN
-2.208330512724175,最后,0.06443507810647775
-2.2083305127241744,拿,0.026361957370360678
-2.201666782443164,可以,-0.0240754483611626
-2.149557163583167,冷面,NaN
-2.1495571635831667,肯定,0.08450216450216458
-2.1495571635831663,酸,0.006764135335563859
-2.1494368236706065,连,0.050544217687074844
-2.149436823670606,鸡肉,NaN
-2.1087948391732607,里,NaN
-2.1087948391732603,和,0.07041388703396378
-2.0563274192791243,凉,0.026804995770512985
-2.0384055112818626,鸡,NaN
-2.026580075885073,不是,NaN
-1.9933176217533246,可能,0.05737292865864291
-1.8866430976619328,关机,-0.006156225352116906
-1.8866430976619328,味道不好,0.017292220963620597
-1.8866430976619328,消费者,NaN
-1.8866430976619326,..,NaN
-1.8866430976619326,TM,NaN
-1.8866430976619326,理由,-0.006754701880752334
-1.8866430976619324,习惯,0.05382873455895765
-1.8866430976619324,太老,NaN
-1.8866430976619324,第一,0.01729222096362054
-1.8866430976619322,极其,0.030897663140491305
-1.8865227577493728,80,NaN
-1.8865227577493728,一堆,NaN
-1.8865227577493728,三份,NaN
-1.8865227577493728,不脆,NaN
-1.8865227577493728,冰,0.0128034928034928
-1.8865227577493728,别人,NaN
-1.8865227577493728,幸好,0.07071342799211461
-1.8865227577493728,找到,NaN
-1.8865227577493728,拉,0.03391899288451017
-1.8865227577493728,料,NaN
-1.8865227577493728,毛,0.017604617604617623
-1.8865227577493728,番茄,NaN
-1.8865227577493728,疼,0.12488829250895706
-1.8865227577493728,肠,NaN
-1.8865227577493728,错,0.015092218705664073
-1.8865227577493728,食材,NaN
-1.8865227577493728,黄焖,NaN
-1.8865227577493726,一塌糊涂,NaN
-1.8865227577493726,事情,-0.07986394557823129
-1.8865227577493726,减,0.07800421800421797
-1.8865227577493726,在线,NaN
-1.8865227577493726,已,0.05538745905885872
-1.8865227577493726,骨头,NaN
-1.8865227577493724,=,0.030338400213875905
-1.8865227577493724,不买,NaN
-1.8865227577493724,不准,NaN
-1.8865227577493724,不看,NaN
-1.8865227577493724,像,0.069921968787515
-1.8865227577493724,先,0.02729222096362066
-1.8865227577493724,十分,0.030897663140491305
-1.8865227577493724,太坑,NaN
-1.8865227577493724,客户,NaN
-1.8865227577493724,就别,NaN
-1.8865227577493724,散,NaN
-1.8865227577493724,无法,0.058610595753452954
-1.8865227577493724,星巴克,NaN
-1.8865227577493724,煎,-0.003615160349854263
-1.8865227577493724,爹,NaN
-1.8865227577493724,牛肉汤,NaN
-1.8865227577493724,盒,NaN
-1.8865227577493724,看看,NaN
-1.8865227577493724,米,0.008850872128183085
-1.8865227577493724,糟糕,NaN
-1.8865227577493724,耐心,0.025215419501133873
-1.8865227577493724,肥肠,NaN
-1.8865227577493724,蟑螂,NaN
-1.8865227577493724,错误,NaN
-1.8865227577493724,难道,0.07071342799211461
-1.8865227577493724,黄,0.006380612851201117
-1.8865227577493722,破,-0.13904881755380094
-1.886522757749372,蔬菜,NaN
-1.886402417836813,半个,NaN
-1.886402417836813,基本上,0.03994528218811039
-1.886402417836813,情况,NaN
-1.886402417836813,生菜,NaN
-1.8864024178368128,.....,NaN
-1.8864024178368128,全撒,NaN
-1.8864024178368128,单点,NaN
-1.8864024178368128,卤蛋,NaN
-1.8864024178368128,手机,NaN
-1.8864024178368128,撒,-0.019886202468821723
-1.8864024178368128,新,0.04110174477314438
-1.8864024178368128,未,0.07071342799211461
-1.8864024178368128,正常,NaN
-1.8864024178368128,气死,0.035569402364120206
-1.8864024178368128,注明,0.021004580815901563
-1.8864024178368128,舒服,0.2093106893106892
-1.8864024178368128,诚信,NaN
-1.8864024178368128,这么久,NaN
-1.8864024178368126,18,NaN
-1.8864024178368126,32,NaN
-1.8864024178368126,50,NaN
-1.8864024178368126,⋯,NaN
-1.8864024178368126,一星,NaN
-1.8864024178368126,一瓶,NaN
-1.8864024178368126,两杯,NaN
-1.8864024178368126,中午,NaN
-1.8864024178368126,为,0.11904761904761907
-1.8864024178368126,付,0.012185393997632854
-1.8864024178368126,保证,0.021004580815901563
-1.8864024178368126,内容,NaN
-1.8864024178368126,冰凉,0.013006506677906371
-1.8864024178368126,几乎,NaN
-1.8864024178368126,到达,0.012185393997632854
-1.8864024178368126,前,0.05622223831469059
-1.8864024178368126,加油,-0.040945303486478624
-1.8864024178368126,半杯,NaN
-1.8864024178368126,另,0.03157793524933489
-1.8864024178368126,可口,0.017292220963620597
-1.8864024178368126,吐槽,NaN
-1.8864024178368126,回复,0.07011782329386695
-1.8864024178368126,塑料,NaN
-1.8864024178368126,外送员,NaN
-1.8864024178368126,外面,NaN
-1.8864024178368126,多才,NaN
-1.8864024178368126,大风,NaN
-1.8864024178368126,太烂,NaN
-1.8864024178368126,害,-0.1751936951936951
-1.8864024178368126,对不起,0.11580801264237711
-1.8864024178368126,导致,NaN
-1.8864024178368126,少送,NaN
-1.8864024178368126,帮,0.02890301419713187
-1.8864024178368126,弄错,0.07308523409363749
-1.8864024178368126,很慢,NaN
-1.8864024178368126,态度恶劣,NaN
-1.8864024178368126,总是,0.0070881393309675245
-1.8864024178368126,意思,0.14867139714001992
-1.8864024178368126,承诺,0.04329428219119669
-1.8864024178368126,接,0.03423352708678651
-1.8864024178368126,整个,NaN
-1.8864024178368126,晚到,NaN
-1.8864024178368126,杯,NaN
-1.8864024178368126,杯子,NaN
-1.8864024178368126,每天,NaN
-1.8864024178368126,比较慢,NaN
-1.8864024178368126,第二次,NaN
-1.8864024178368126,算了,NaN
-1.8864024178368126,翅,NaN
-1.8864024178368126,肥,-0.004135229849515476
-1.8864024178368126,肥牛,NaN
-1.8864024178368126,至少,0.052756569326548985
-1.8864024178368126,菜里,NaN
-1.8864024178368126,葱,0.004511157119852782
-1.8864024178368126,虫子,NaN
-1.8864024178368126,要不是,0.07071342799211461
-1.8864024178368126,见到,NaN
-1.8864024178368126,该,0.06343915343915335
-1.8864024178368126,赠送,0.012185393997632854
-1.8864024178368126,赶紧,0.013006506677906315
-1.8864024178368126,跑,NaN
-1.8864024178368126,还行,NaN
-1.8864024178368126,酸辣粉,NaN
-1.8864024178368126,重,0.15921531921531917
-1.8864024178368126,铁,0.08172335600907027
-1.8864024178368126,需要,0.1170308123249299
-1.8864024178368126,餐品,NaN
-1.8864024178368124,丁,0.01256518465123213
-1.8864024178368124,做成,-0.006645158374783078
-1.8864024178368124,再次,0.01729222096362054
-1.8864024178368124,唉,0.07071342799211461
-1.8864024178368124,坑人,NaN
-1.8864024178368124,将,0.017519115345202285
-1.8864024178368124,小心,0.09893217893217887
-1.8864024178368124,怕,0.10582861582861575
-1.8864024178368124,按,0.03993378826543642
-1.8864024178368124,接受,0.07197025151524022
-1.8864024178368124,有待,0.09755867864387135
-1.8864024178368124,服务员,NaN
-1.8864024178368124,条,NaN
-1.8864024178368124,欠,0.056392496392496494
-1.8864024178368124,炖,0.005114122068300031
-1.8864024178368124,烤肠,NaN
-1.8864024178368124,肉末,NaN
-1.8864024178368124,脾气,0.1472672425613602
-1.8864024178368124,良心,0.131076766370884
-1.8864024178368124,菜少,NaN
-1.8864024178368124,解释,0.021004580815901563
-1.8864024178368124,费,0.028336334896026827
-1.8864024178368124,路上,NaN
-1.8864024178368124,进,0.07295537497953897
-1.8864024178368124,青菜,NaN
-1.8864024178368124,飘香,NaN
-1.8864024178368124,食品,NaN
-1.8864024178368124,香肠,NaN
-1.8864024178368122,吸管,NaN
-1.8864024178368122,哪里,0.07071342799211461
-1.8864024178368122,嚼,0.005114122068300031
-1.8864024178368122,多分钟,NaN
-1.8864024178368122,或者,0.07071342799211461
-1.8864024178368122,星冰乐,NaN
-1.8864024178368122,沟通,0.01690583492029657
-1.8864024178368122,没收,NaN
-1.8864024178368122,点订,NaN
-1.8864024178368122,照片,0.04376286974674065
-1.8864024178368122,确定,0.02607661246316717
-1.8864024178368122,门口,NaN
-1.8864024178368117,饮料,NaN
-1.8862820779242533,您,NaN
-1.886282077924253,不通,NaN
-1.8862820779242528,一会,NaN
-1.8862820779242528,一杯,NaN
-1.8862820779242528,不满,0.18668721959044537
-1.8862820779242528,公里,NaN
-1.8862820779242528,几根,NaN
-1.8862820779242528,分开,0.012200109718906671
-1.8862820779242528,加,0.029370027072913474
-1.8862820779242528,努力,0.031008704557091704
-1.8862820779242528,包装袋,NaN
-1.8862820779242528,回来,0.06834652681379128
-1.8862820779242528,在家,NaN
-1.8862820779242528,开,-0.007123870281764921
-1.8862820779242528,怪,0.05048131944683659
-1.8862820779242528,我订,NaN
-1.8862820779242528,无奈,0.10308523409363746
-1.8862820779242528,是因为,NaN
-1.8862820779242528,稍微,0.030897663140491305
-1.8862820779242528,第二天,NaN
-1.8862820779242528,素质,NaN
-1.8862820779242528,约定,0.021004580815901563
-1.8862820779242528,肉少,NaN
-1.8862820779242528,茄子,NaN
-1.8862820779242528,蜗牛,NaN
-1.8862820779242528,走路,NaN
-1.8862820779242528,足足,0.07071342799211461
-1.8862820779242528,适合,NaN
-1.8862820779242526,14,NaN
-1.8862820779242526,一声,NaN
-1.8862820779242526,一点点,0.059899426469406214
-1.8862820779242526,丢,0.029884779464611377
-1.8862820779242526,作为,NaN
-1.8862820779242526,刚刚,0.044883529169243486
-1.8862820779242526,剩饭,NaN
-1.8862820779242526,区别,0.018383450023483683
-1.8862820779242526,四块,NaN
-1.8862820779242526,处理,-0.05649222384135216
-1.8862820779242526,天天,NaN
-1.8862820779242526,太腻,NaN
-1.8862820779242526,完成,0.07413161551092584
-1.8862820779242526,客气,0.031536972512582195
-1.8862820779242526,抱歉,0.1153565878565877
-1.8862820779242526,搞错,0.07308523409363749
-1.8862820779242526,肉片,NaN
-1.8862820779242526,自取,NaN
-1.8862820779242526,补,0.012266865274082606
-1.8862820779242526,越来越少,NaN
-1.8862820779242526,靠,0.07812430459156905
-1.8862820779242526,饭量,NaN
-1.8862820779242524,一小,NaN
-1.8862820779242524,不好意思,0.07846597846597841
-1.8862820779242524,不接,NaN
-1.8862820779242524,不爽,0.075629539542583
-1.8862820779242524,两天,NaN
-1.8862820779242524,准备,NaN
-1.8862820779242524,半价,NaN
-1.8862820779242524,半盒,NaN
-1.8862820779242524,四十分钟,NaN
-1.8862820779242524,奇怪,0.09384684281236005
-1.8862820779242524,好快,NaN
-1.8862820779242524,开发票,NaN
-1.8862820779242524,接到,NaN
-1.8862820779242524,普通,NaN
-1.8862820779242524,更是,0.07071342799211461
-1.8862820779242524,期间,NaN
-1.8862820779242524,次,0.01729222096362054
-1.8862820779242524,海带,NaN
-1.8862820779242524,湿,0.013006506677906371
-1.8862820779242524,盖子,NaN
-1.8862820779242524,粉丝,NaN
-1.8862820779242524,胃口,0.1901745107317862
-1.8862820779242524,菜单,0.05015780054335339
-1.8862820779242524,请问,0.10595286276919103
-1.8862820779242524,赔付,NaN
-1.8862820779242524,辣白菜,NaN
-1.8862820779242524,退钱,NaN
-1.8862820779242524,透,0.059863945578231215
-1.8862820779242524,郁闷,0.07846597846597841
-1.8862820779242524,配,0.015272214439690013
-1.8862820779242524,霾,NaN
-1.8862820779242522,下楼,NaN
-1.8862820779242522,全洒,NaN
-1.8862820779242522,卖家,NaN
-1.8862820779242522,怎么回事,0.07071342799211461
-1.8862820779242522,第二,0.03157793524933489
-1.8862820779242522,等到,0.06451612903225812
-1.8862820779242522,青椒,NaN
-1.886282077924252,17,NaN
-1.886282077924252,19,NaN
-1.886282077924252,路程,NaN
-1.886161738011693,菜汤,NaN
-1.8861617380116928,付款,NaN
-1.8861617380116928,再定,NaN
-1.8861617380116928,干嘛,NaN
-1.8861617380116928,收,0.05916215361706906
-1.8861617380116928,饱,0.09484563055991635
-1.8861617380116926,一会儿,0.013006506677906315
-1.8861617380116926,不靠,NaN
-1.8861617380116926,丝,NaN
-1.8861617380116926,个赞,NaN
-1.8861617380116926,到家,NaN
-1.8861617380116926,午饭,NaN
-1.8861617380116926,占线,NaN
-1.8861617380116926,却是,NaN
-1.8861617380116926,大份,NaN
-1.8861617380116926,愉快,0.29404069049230336
-1.8861617380116926,木有,NaN
-1.8861617380116926,生意,NaN
-1.8861617380116926,看来,0.0785954381752701
-1.8861617380116926,礼貌,0.025215419501133873
-1.8861617380116926,羹,NaN
-1.8861617380116926,这些,NaN
-1.8861617380116924,打通,-0.005446662181356088
-1.8861617380116924,抓,0.11420167134452852
-1.8861617380116922,细心,0.025215419501133873
-1.870460873967791,用,0.1093468651828548
-1.86848050983955,订,0.01772036236497887
-1.8630699140061893,不会,0.07071342799211461
-1.8097811362338998,里面,NaN
-1.7994943526136473,人,NaN
-1.7709252004168767,自己,0.03664399092970527
-1.6640099965003654,真是,0.07071342799211461
-1.664009996500365,再点,NaN
-1.634863650840848,就算,0.07071342799211461
-1.6234883519155785,凉皮,NaN
-1.6234883519155785,软,0.01823129251700678
-1.6233680120030187,嘛,0.07071342799211461
-1.6233680120030187,客服,NaN
-1.6233680120030183,元,0.01729222096362054
-1.5968958006418275,倒,0.058796337761855055
-1.5868421359779046,12,NaN
-1.5644743229494509,地方,0.022619047619047594
-1.5644743229494507,辣椒,NaN
-1.5644743229494504,一个半,0.04110174477314438
-1.5644743229494502,失败,0.024931109973126864
-1.5327654632221124,拌,0.012185393997632854
-1.5238323384521044,确实,0.02127602556173991
-1.5238323384521044,鸡翅,NaN
-1.5123366996142749,饭,NaN
-1.4940849950580524,完,0.09006568144499189
-1.4858644882530836,评价,0.01259132224318299
-1.4758803996804613,打电话,NaN
-1.471485258470529,地址,NaN
-1.471485258470529,泡,0.015390004924888623
-1.471485258470529,面条,NaN
-1.4714852584705287,烤,-0.025674625863305045
-1.4714852584705285,土豆,NaN
-1.4714852584705285,洋葱,NaN
-1.4714852584705285,煮,0.005114122068300031
-1.4713649185579691,谁,0.07071342799211461
-1.471364918557969,我点,NaN
-1.4713649185579687,从,0.04305288818400871
-1.4713649185579687,又,0.03994528218811039
-1.4713649185579687,同事,NaN
-1.4713649185579687,坑,0.011874053696713793
-1.4713649185579687,是不是,NaN
-1.4713649185579687,焖,0.005114122068300031
-1.4713649185579687,生,0.06518037518037512
-1.4713649185579682,汁,NaN
-1.4276906641559086,还,0.09722277508152555
-1.4169171345355926,土豆丝,NaN
-1.400975590666571,而且,0.07071342799211461
-1.4009755906665706,皮,0.018299319727891228
-1.4009755906665704,凉面,NaN
-1.3823599124992239,真,0.02127602556173991
-1.3745033793053798,要,0.14172705808936353
-1.3155435096998127,都,0.03994528218811039
-1.3052717787066832,说,0.011877203832091121
-1.3015602570282163,太多,0.0932327598027396
-1.3015602570282163,宇宙,NaN
-1.3015602570282163,速度慢,NaN
-1.3015602570282163,酱油,NaN
-1.3015602570282159,逼,-0.019886202468821723
-1.301439917115657,距离,0.07053274949826677
-1.3014399171156565,”,0.030338400213875905
-1.3014399171156565,俩,0.04110174477314438
-1.3014399171156565,出去,0.06834652681379128
-1.3014399171156565,太大,NaN
-1.3014399171156565,套餐,NaN
-1.3014399171156565,我们,NaN
-1.3014399171156565,拿到,NaN
-1.3014399171156565,换成,NaN
-1.3014399171156565,星,NaN
-1.3014399171156565,海鲜,NaN
-1.3014399171156565,等待,NaN
-1.3014399171156565,菠菜,NaN
-1.3014399171156565,辣酱,NaN
-1.3014399171156565,这样,0.05013605442176877
-1.3014399171156565,餐,NaN
-1.3014399171156563,们,0.07071342799211461
-1.3014399171156563,催,-0.030079517925295174
-1.3014399171156563,慢死,NaN
-1.3014399171156563,看,0.06514298566930143
-1.301439917115656,“,0.030338400213875905
-1.301439917115656,入味,0.01458049886621321
-1.301439917115656,去取,NaN
-1.301439917115656,带,0.014171868663701681
-1.301439917115656,没送,NaN
-1.301439917115656,牛肉面,NaN
-1.3014399171156559,其实,0.07071342799211461
-1.3014399171156559,没到,0.0602088361441131
-1.3013195772030968,木耳,NaN
-1.3013195772030965,可怜,0.12709144925734778
-1.3013195772030965,看到,NaN
-1.3013195772030963,不像,NaN
-1.3013195772030963,碎,NaN
-1.301319577203096,13,NaN
-1.289367084815081,东西,NaN
-1.2819068514977525,是,0.11613375130616516
-1.2775931751612888,点,0.06542578056863779
-1.26079793261831,那么,0.05013605442176877
-1.248972497221521,做,0.014411891798461696
-1.2468166654403163,就是,0.07637292464878676
-1.2274393356718794,今天,NaN
-1.216551019529144,送达,0.012185393997632854
-1.2083305127241748,卷饼,NaN
-1.2083305127241748,竟然,0.07071342799211461
-1.2083305127241746,尤其,0.07851671075953898
-1.2047901550189262,吃,0.06821968398323075
-1.201904243564742,你,NaN
-1.1943100424092403,啊,0.06127616560468946
-1.1785831693301232,实在,0.0568398268398268
-1.149436823670607,办法,NaN
-1.149436823670607,味儿,NaN
-1.149436823670607,提前,-0.00929281602750992
-1.1494368236706067,起来,0.0730138257562567
-1.1494368236706065,不了,0.07071342799211461
-1.1494368236706065,丸子,NaN
-1.1494368236706065,披萨,NaN
-1.1493164837580463,看着,NaN
-1.0791678356917684,油腻,0.008333333333333304
-1.0790474957792089,少,0.0543516800659658
-1.0790474957792084,分钟,NaN
-1.0790474957792084,定,0.16177567530508713
-1.0790474957792084,第一次,0.03157793524933489
-1.0790474957792082,太少,0.059899426469406214
-1.0789271558666487,淡,0.010807453416149082
-1.0563274192791243,那个,NaN
-1.0384055112818624,你家,NaN
-1.0384055112818622,一,NaN
-1.035978773887323,再,0.07851671075953898
-1.0239059415867475,让,0.016189074083810928
-1.0239059415867473,这家,NaN
-1.0212852414276117,我,NaN
-1.017646951115065,电话,0.04357259864292523
-1.0027463790742805,一般,0.05013605442176877
-0.9833641477239005,得,0.04827168506956214
-0.9793914823157344,一口,0.03904081632653056
-0.9701707755294102,来,0.13146357763839717
-0.965216171012021,了,0.08780219780219783
-0.960402999280589,他家,NaN
-0.9181112775641507,菜,NaN
-0.9023439617058342,吗,0.07071342799211461
-0.8889092734473879,个,NaN
-0.8865227577493728,不说,NaN
-0.8865227577493728,猪肉,NaN
-0.8865227577493727,一盒,NaN
-0.8865227577493727,三遍,NaN
-0.8865227577493727,两点,NaN
-0.8865227577493727,蘑菇,-0.051792130414848425
-0.8865227577493727,送晚,NaN
-0.8865227577493726,肉饼,NaN
-0.8865227577493725,剩下,NaN
-0.8865227577493725,酱汁,NaN
-0.8865227577493725,饭店,NaN
-0.8865227577493724,一根,NaN
-0.8865227577493724,不敢恭维,0.10699865907814521
-0.8865227577493724,差差,NaN
-0.8865227577493724,流,NaN
-0.8865227577493724,面皮,NaN
-0.886402417836813,可,0.05504768776197344
-0.8864024178368128,咸,0.01729222096362054
-0.8864024178368128,块,NaN
-0.8864024178368128,彻底,0.008086992372706714
-0.8864024178368128,最近,0.06953031620171585
-0.8864024178368128,说明,0.05691025303084368
-0.8864024178368128,质量,NaN
-0.8864024178368127,不算,NaN
-0.8864024178368127,包子,NaN
-0.8864024178368127,支付,0.012185393997632854
-0.8864024178368127,试试,NaN
-0.8864024178368127,超快,NaN
-0.8864024178368126,个人,0.03334066804655045
-0.8864024178368126,中份,NaN
-0.8864024178368126,后来,0.05538745905885872
-0.8864024178368126,实物,NaN
-0.8864024178368126,就要,0.013006506677906315
-0.8864024178368126,平时,0.0070881393309675245
-0.8864024178368126,按时,0.025215419501133873
-0.8864024178368126,最好,-0.0240754483611626
-0.8864024178368126,特,0.09394557823129251
-0.8864024178368126,红烧,0.005114122068300031
-0.8864024178368126,胡萝卜,NaN
-0.8864024178368126,请,0.034565624773703174
-0.8864024178368126,还要,0.07851671075953898
-0.8864024178368125,一共,0.04110174477314438
-0.8864024178368125,勺子,NaN
-0.8864024178368125,孩子,NaN
-0.8864024178368125,经历,0.05521229181327697
-0.8864024178368125,花,-0.03580253593130439
-0.8864024178368125,还给,NaN
-0.8864024178368124,00,NaN
-0.8864024178368124,三,NaN
-0.8864024178368124,不管,0.061736047562619634
-0.8864024178368124,严重,NaN
-0.8864024178368124,价钱,NaN
-0.8864024178368124,像是,NaN
-0.8864024178368124,勺,NaN
-0.8864024178368124,十二点,NaN
-0.8864024178368124,吃饭,-0.005446662181356088
-0.8864024178368124,咖啡,NaN
-0.8864024178368124,容易,0.054707186950015085
-0.8864024178368124,怪怪的,0.03157793524933489
-0.8864024178368124,柠檬,NaN
-0.8864024178368124,的话,0.06977874276261375
-0.8864024178368124,米线,NaN
-0.8864024178368124,装,-0.016753720645346193
-0.8864024178368124,走,0.05488392904541972
-0.8864024178368124,还慢,NaN
-0.8864024178368123,一味,0.07071342799211461
-0.8864024178368123,不符,NaN
-0.8864024178368123,妈,NaN
-0.8864024178368123,虾,NaN
-0.8864024178368122,头发,NaN
-0.8864024178368122,汉堡,NaN
-0.8864024178368122,系统,NaN
-0.8864024178368122,臭,0.022517006802721118
-0.8864024178368122,送饭,NaN
-0.8864024178368122,选,0.016961690491102244
-0.8864024178368121,提高,0.017876233466070035
-0.886282077924253,别家,NaN
-0.886282077924253,原因,-0.012954104718810588
-0.886282077924253,手里,NaN
-0.886282077924253,挺不错,NaN
-0.886282077924253,生气,0.07846597846597841
-0.886282077924253,那样,NaN
-0.886282077924253,鸭,NaN
-0.8862820779242528,才能,0.06680925762831691
-0.8862820779242528,正宗,-0.0036446093588950457
-0.8862820779242528,送成,NaN
-0.8862820779242527,店员,NaN
-0.8862820779242527,怀疑,0.12599511599511598
-0.8862820779242527,懂,NaN
-0.8862820779242527,手,NaN
-0.8862820779242527,真不错,NaN
-0.8862820779242527,肚子,NaN
-0.8862820779242527,连续,0.0070881393309675245
-0.8862820779242527,麻烦,-0.15500227663492971
-0.8862820779242526,16,NaN
-0.8862820779242526,下雨,NaN
-0.8862820779242526,略,0.03189651618223055
-0.8862820779242526,萝卜,NaN
-0.8862820779242526,解决,-0.05649222384135216
-0.8862820779242525,一只,NaN
-0.8862820779242525,不然,0.07071342799211461
-0.8862820779242525,二十分钟,NaN
-0.8862820779242525,小菜,NaN
-0.8862820779242525,晚饭,NaN
-0.8862820779242525,清楚,NaN
-0.8862820779242525,餐到,NaN
-0.8862820779242525,马上,0.013841285933738234
-0.8862820779242524,内,0.032412714505166806
-0.8862820779242524,压根,NaN
-0.8862820779242524,原味,NaN
-0.8862820779242524,取,0.018533453867376926
-0.8862820779242524,大小,0.014769239475121876
-0.8862820779242524,太小,NaN
-0.8862820779242524,太晚,NaN
-0.8862820779242524,很少,0.030897663140491305
-0.8862820779242524,我家,NaN
-0.8862820779242524,滴,NaN
-0.8862820779242524,猪蹄,NaN
-0.8862820779242524,认真,0.025215419501133873
-0.8862820779242524,餐馆,NaN
-0.8862820779242524,首先,0.06443507810647775
-0.8862820779242523,太久,NaN
-0.8862820779242523,快点,NaN
-0.8862820779242523,眉州,NaN
-0.8862820779242523,重新,0.0070881393309675245
-0.8862820779242522,忘记,0.07069597069597067
-0.8862820779242522,超时,NaN
-0.886161738011693,挂,0.047266149910766275
-0.886161738011693,果汁,NaN
-0.886161738011693,汤汁,NaN
-0.886161738011693,话,0.05355621576376296
-0.8861617380116928,又快又好,NaN
-0.8861617380116928,酱料,NaN
-0.8861617380116927,干锅,NaN
-0.8861617380116927,成功,0.08938775510204094
-0.8861617380116926,加点,NaN
-0.8861617380116926,大雪,NaN
-0.8861617380116926,当然,0.06443507810647775
-0.8861617380116926,懒得,0.12451380552220898
-0.8861617380116926,提示,NaN
-0.8861617380116926,美味,0.019054953760836157
-0.8861617380116926,超好,NaN
-0.8861617380116924,专业,NaN
-0.8861617380116924,叫外卖,NaN
-0.8861617380116924,工作,-0.007755102040816364
-0.8861617380116924,谱,0.07314775605098184
-0.8861617380116924,超赞,NaN
-0.8861617380116924,零钱,NaN
-0.8861617380116922,看见,NaN
-0.8861617380116921,王老吉,NaN
-0.8861617380116921,碗,NaN
-0.8794830038970222,1,NaN
-0.8738023810571791,送来,NaN
-0.871854109267657,超级,-0.029018759018759
-0.8662948443882376,小时,NaN
-0.8636823413367289,两个,NaN
-0.8599302064756215,肉,0.025215419501133873
-0.8433336959449266,给,0.007252123041337377
-0.8275087287832438,口味,0.1901745107317862
-0.8201291984176466,煎饼,NaN
-0.816013089945415,下单,NaN
-0.8083999058355393,着,0.051638150785156156
-0.7989395765864731,因为,0.07071342799211461
-0.7709252004168765,饺子,NaN
-0.7709252004168764,肥肉,NaN
-0.7488988940868782,有点儿,0.030897663140491305
-0.7343993243917627,喝,0.006856282347045717
-0.7343993243917623,三个,NaN
-0.7304521398750998,的,0.07450814838240657
-0.7164774163945002,豆腐脑,NaN
-0.6900052050333095,还是,0.07637292464878676
-0.6847685566671621,吧,0.06830903301491542
-0.6640099965003651,半小时,NaN
-0.6640099965003651,鸡腿,NaN
-0.664009996500365,20,NaN
-0.664009996500365,尖椒,NaN
-0.664009996500365,弄,-0.05683465420307532
-0.6640099965003649,.,NaN
-0.6640099965003644,家,0.0015501958359100954
-0.6640099965003643,羊肉,NaN
-0.661335862202039,店里,NaN
-0.6472938512484993,没,0.06045265246164794
-0.6421323986218596,送,0.012185393997632854
-0.6348636508408484,店,NaN
-0.6247748332172645,一点,0.058511702652422004
-0.6233680120030187,送错,NaN
-0.606294498644077,有,0.09471470510879382
-0.56715674400277,在,0.08376026272577997
-0.5645946628620105,说实话,0.07071342799211461
-0.5645946628620104,厚,0.14751787983593923
-0.5645946628620102,不点,NaN
-0.5645946628620102,写,0.01305063000480794
-0.5644743229494509,应该,0.07071342799211461
-0.5644743229494504,30,NaN
-0.5644743229494504,块钱,NaN
-0.5644743229494504,行,0.14635921854409245
-0.5644743229494503,近,0.09046176046176047
-0.5644743229494502,红烧肉,NaN
-0.56447432294945,品质,NaN
-0.56447432294945,薄脆,NaN
-0.5643539830368909,牛蛙,NaN
-0.5643539830368904,预计,NaN
-0.5643539830368903,份,NaN
-0.5643539830368901,鸡丁,NaN
-0.5607892761415941,才,0.09000733471321715
-0.5599015931596263,有点,0.030897663140491305
-0.553827078749942,一个,NaN
-0.5529786841116207,那,0.008086992372706714
-0.5511901661660599,就,0.048448176143275956
-0.5373947888931657,多,NaN
-0.5327654632221122,牛肉,NaN
-0.5264062821159308,感觉,0.09972789115646258
-0.524746014885992,到,0.06362366101729505
-0.5155647224685035,时间,NaN
-0.5044148846248635,送到,NaN
-0.4993792947275658,以后,NaN
-0.49783712991915946,去,0.0014065335753176145
-0.49408499505805215,贵,0.0355175387948497
-0.4714852584705288,咋,0.07071342799211461
-0.471364918557969,改进,0.007952352596969026
-0.471364918557969,汤,0.008850872128183085
-0.4713649185579678,发票,NaN
-0.47124457864540903,上班,NaN
-0.47124457864540836,心情,0.131076766370884
-0.45344301056070613,袋子,NaN
-0.42697079919951575,有些,0.030897663140491305
-0.4129482323326468,这次,NaN
-0.4009755906665705,基本,0.04078006144394225
-0.357875862745371,没有,0.058796337761855055
-0.30156025702821654,太油,NaN
-0.3015602570282163,不怎么样,0.030897663140491305
-0.3015602570282163,好大,NaN
-0.30143991711565676,找,-0.02640734051217747
-0.30143991711565654,到位,0.03255411255411256
-0.30143991711565654,烫,-0.018238095238095164
-0.3014399171156565,凉菜,NaN
-0.30143991711565643,似的,0.07071342799211461
-0.30143991711565643,咸菜,NaN
-0.30143991711565643,好久,0.013006506677906371
-0.30143991711565643,晚,0.03157793524933489
-0.30143991711565643,锡纸,NaN
-0.3014399171156564,精致,-0.0263203463203463
-0.3014399171156563,5,NaN
-0.3014399171156563,不熟,NaN
-0.3014399171156563,勉强,NaN
-0.3014399171156563,已经,0.05538745905885872
-0.3014399171156563,扁豆,NaN
-0.3014399171156563,没带,NaN
-0.3014399171156563,点多,NaN
-0.3014399171156563,耽误,-0.005446662181356088
-0.3014399171156563,鱼,-0.0018707482993197688
-0.3014399171156562,也许,0.07071342799211461
-0.3014399171156562,信息,NaN
-0.3014399171156562,太硬,NaN
-0.3014399171156562,尝尝,0.021004580815901563
-0.3014399171156562,样子,NaN
-0.3014399171156562,烂,-0.020829558038860385
-0.3014399171156562,由于,0.07071342799211461
-0.3014399171156562,辣味,NaN
-0.30143991711565615,一半,0.04110174477314438
-0.3014399171156561,不定,0.08780219780219789
-0.3014399171156561,多次,NaN
-0.3014399171156561,完全,0.037233560090703
-0.3014399171156561,还好,-0.0263203463203463
-0.301439917115656,汤洒,NaN
-0.3013195772030969,这种,NaN
-0.3013195772030968,凉透,NaN
-0.30131957720309666,小笼包,NaN
-0.30131957720309666,泡菜,NaN
-0.30131957720309654,素,0.008333333333333304
-0.30131957720309654,退款,NaN
-0.30131957720309654,通知,0.05793384805443863
-0.30131957720309643,好不容易,-0.04053090828808015
-0.30131957720309643,实际,NaN
-0.30131957720309643,拌面,NaN
-0.30131957720309643,按照,0.07071342799211461
-0.30131957720309643,西红柿,NaN
-0.30131957720309643,贴心,0.10300650667790634
-0.30131957720309643,过去,0.09804597701149426
-0.30131957720309643,送菜,NaN
-0.30131957720309643,香菜,NaN
-0.3013195772030964,韭菜,NaN
-0.3013195772030963,北京,NaN
-0.3013195772030963,嗯,NaN
-0.3013195772030963,奶油,NaN
-0.3013195772030963,投诉,0.0454847871923344
-0.3013195772030963,糊,NaN
-0.3013195772030963,配菜,NaN
-0.3013195772030963,馅,NaN
-0.30131957720309627,单子,NaN
-0.30131957720309627,有点咸,NaN
-0.3013195772030962,一天,NaN
-0.3013195772030962,吃不饱,0.05028641856228061
-0.3013195772030962,点才,NaN
-0.3013195772030961,楼下,NaN
-0.30131957720309605,左右,0.03915343915343916
-0.30131957720309605,性价比,NaN
-0.30119923729053666,用餐,NaN
-0.30119923729053644,神速,0.06476841143981105
-0.3011992372905363,很赞,NaN
-0.3011992372905362,点心,NaN
-0.3011992372905361,赞赞赞,NaN
-0.27871984061557287,时候,NaN
-0.24897249722152076,大家,NaN
-0.2463985535576944,比,0.040908452076616364
-0.2425462280620887,订单,NaN
-0.22343740511438337,干,-0.02656952803294277
-0.20190424356474174,、,0.030338400213875905
-0.17292517659297618,等,0.07299319727891157
-0.1639363933657212,结果,-0.06863058510117342
-0.15244062792016022,不,0.10400037917466759
-0.14955716358316645,...,NaN
-0.14943682367060646,全,0.004376417233560026
-0.14943682367060623,钱,-0.00569292451280029
-0.14943682367060596,备注,NaN
-0.14931648375804674,油条,NaN
-0.14931648375804651,可惜,0.09031113331113322
-0.1493164837580464,估计,0.01259132224318299
-0.1315149156733445,以前,NaN
-0.12860332025344068,上,0.053667409842229286
-0.07916783569176865,老,0.110007334713217
-0.07916783569176844,饿死,-0.04088134088134088
-0.07904749577920911,洒,NaN
-0.07904749577920878,无,NaN
-0.07904749577920861,小,-0.018874458874458933
-0.07904749577920844,被,0.06977874276261375
-0.07904749577920822,那种,NaN
-0.07892715586664911,瘦肉粥,NaN
-0.07892715586664867,水,-0.006500377928949419
-0.05500202181255798,2,NaN
-0.03840551128186265,油,0.003581603581603643
-0.03840551128186265,腻,NaN
-0.03828517136930243,呵呵,0.04488762760776038
-0.033959606250670404,打,-0.07557975398265776
-0.01603769825340806,不过,0.07851671075953898
-0.01193329992067138,味,NaN
0.006682378246675391,不如,0.06760017760017767
0.02048817777170603,只是,0.06044723288472198
0.02048817777170625,大,0.018231292517006836
0.020608517684265637,现在,NaN
0.10795101902204529,特别,0.07951556380127817
0.11347724225062766,炸,0.05186992901278614
0.11347724225062766,豆芽,NaN
0.11359758216318705,失望,0.07846597846597841
0.11359758216318716,冷,0.02132027392896957
0.11359758216318722,不用,NaN
0.11359758216318722,合适,0.010785405071119414
0.11359758216318722,没想到,NaN
0.11359758216318738,活动,0.020187853082589968
0.11359758216318738,粉,0.014492277307945556
0.11359758216318738,餐盒,NaN
0.11359758216318738,鸡柳,NaN
0.11359758216318745,十分钟,NaN
0.1135975821631875,劲,0.1115646258503401
0.1135975821631875,包菜,NaN
0.1135975821631875,太淡,NaN
0.1135975821631875,时,0.04110174477314438
0.1135975821631875,负责,0.03388888888888886
0.1135975821631876,一定,0.04743764172335607
0.1135975821631876,些,0.030897663140491305
0.1135975821631876,换,NaN
0.11359758216318766,来说,0.06933980161848824
0.11359758216318766,粘,0.007150521317996927
0.11359758216318772,一下,NaN
0.11359758216318772,炒饭,NaN
0.11359758216318774,网上,NaN
0.11359758216318783,只能,NaN
0.11371792207574705,迅速,0.060625554296953876
0.1137179220757471,预定,NaN
0.11371792207574716,下午,NaN
0.11371792207574716,很小,NaN
0.11371792207574716,蛋糕,NaN
0.11371792207574727,月,NaN
0.11371792207574727,特意,0.025215419501133873
0.11371792207574727,鸡腿肉,NaN
0.1137179220757473,影响,-0.028181869216352018
0.11371792207574732,反正,0.06663722124015775
0.11371792207574735,中间,NaN
0.11371792207574735,塑料袋,NaN
0.11371792207574744,却,0.07839433493306847
0.11371792207574744,多少,0.07071342799211461
0.11371792207574744,购买,0.012185393997632854
0.11371792207574749,满减,NaN
0.11371792207574749,蛮,0.048491032776747045
0.11371792207574757,五星,NaN
0.1137179220757476,卤肉饭,NaN
0.1137179220757476,开始,0.05579165304565764
0.1137179220757476,早就,0.05538745905885872
0.1137179220757476,超值,NaN
0.11371792207574771,清淡,0.01458049886621321
0.11383826198830702,微辣,NaN
0.11383826198830704,一次性,NaN
0.1138382619883071,打包,-0.018845676959681257
0.11383826198830718,我定,NaN
0.11383826198830727,里边,NaN
0.11383826198830743,女生,NaN
0.11383826198830754,太快,NaN
0.11383826198830765,纸巾,NaN
0.11383826198830792,送货员,NaN
0.16804536618556365,10,NaN
0.17249127121675567,两次,NaN
0.18398691005458534,卷,-0.008214901532845764
0.2104591214157765,每次,0.07071342799211461
0.24288059910815346,之前,0.07159732922444784
0.2511011059131225,如果,0.07071342799211461
0.28352258360549965,肉夹馍,NaN
0.28352258360549976,香菇,NaN
0.28364292351805975,好好,0.028925994640280395
0.28364292351805975,早点,NaN
0.3725158795247488,能,0.1351626151626153
0.3766319879969815,单,0.04143140100586906
0.42433428362931874,外卖,NaN
0.43540533713798946,酱香,NaN
0.4354053371379896,不太好,0.08915966386554625
0.43552567705054923,健康,0.05013605442176877
0.43552567705054945,语,NaN
0.4355256770505497,11,NaN
0.43552567705054973,满,0.15385614385614388
0.4355256770505498,东坡,NaN
0.4355256770505498,豆浆,NaN
0.43552567705054984,价格,NaN
0.43564601696310923,必须,0.07071342799211461
0.43564601696310934,两,0.04110174477314438
0.43564601696310945,以为,0.07069597069597067
0.43564601696310956,与,0.07071342799211461
0.43564601696310956,包,-0.04255820776660307
0.43564601696310956,十一点,NaN
0.4356460169631098,主要,0.03994528218811039
0.4356460169631098,另外,0.06443507810647775
0.4356460169631098,告诉,-0.008190296036073241
0.4357663568756693,下回,0.03157793524933489
0.4357663568756693,很香,NaN
0.4357663568756693,黄太吉,NaN
0.4357663568756698,较,0.087564329807158
0.43576635687566984,太甜,NaN
0.4640948292473205,肘子,NaN
0.4761676615478958,挺好吃,NaN
0.4762880014604556,取消,NaN
0.48452711283451105,味道,NaN
0.4861517501205175,配送,0.012185393997632854
0.4921092054169174,但,0.07071342799211461
0.5286350814420313,收到,0.02786857882772109
0.5287554213545915,发现,0.07069597069597067
0.554170173549169,一直,0.01729222096362054
0.5617433932539697,送餐,NaN
0.5731495407130451,鸡蛋,NaN
0.5864407410007764,也,0.07071342799211461
0.5916448789678319,推荐,0.021004580815901563
0.5990244093334296,商家,NaN
0.6054506784928618,3,NaN
0.6054506784928618,便宜,NaN
0.6162182626049311,超,0.11676049730236926
0.6541659635258903,快递,NaN
0.6579180983869976,送过来,NaN
0.6681864338408251,粥,NaN
0.6921338137249106,买,0.012185393997632854
0.6984397429717837,太咸,NaN
0.6984397429717837,肉松,NaN
0.6985600828843433,6,NaN
0.6985600828843433,只,0.05438181681930587
0.6985600828843433,大概,0.05013605442176877
0.6985600828843435,久,0.013006506677906371
0.6985600828843435,正,0.055074006453316726
0.6985600828843436,太长,NaN
0.6985600828843436,当,0.07190476190476197
0.6985600828843436,派送,0.012185393997632854
0.6985600828843436,评论,0.04372563237749316
0.6985600828843436,过来,0.08638549392037775
0.6985600828843437,但是,0.07071342799211461
0.6985600828843439,很棒,NaN
0.698560082884344,划算,0.028054130556233237
0.698560082884344,没什么,0.10631111133177396
0.6986804227969032,100,NaN
0.6986804227969033,(,0.030338400213875905
0.6986804227969033,支持,0.07827838827838829
0.6986804227969035,45,NaN
0.6986804227969035,香,0.026440485303338424
0.6986804227969036,事,-0.07135531135531137
0.6986804227969036,早,0.12433031620171586
0.6986804227969036,牛,0.016269841269841157
0.6986804227969037,加热,-0.005446662181356088
0.6986804227969037,朋友,NaN
0.6986804227969037,盒子,NaN
0.6986804227969037,花生,NaN
0.6986804227969039,哪,0.07071342799211461
0.6986804227969039,汤包,NaN
0.6986804227969039,高,0.012531436817151187
0.698680422796904,明天,NaN
0.6988007627094632,晕,0.030262390670553807
0.6988007627094635,大叔,NaN
0.6988007627094637,为了,0.10928485656354314
0.6988007627094637,点赞,NaN
0.6988007627094637,非常感谢,NaN
0.6988007627094639,点半,NaN
0.698800762709464,很足,NaN
0.7283074262783953,员,NaN
0.7554705515894526,很,0.07851671075953898
0.7765625948856171,更,0.07851671075953898
0.7954216221369323,菜品,NaN
0.8140373003042795,服务态度,NaN
0.8791323285261646,餐员,NaN
0.9209525042207913,出,0.0769344579410976
0.9209525042207913,爱,0.18429237429237433
0.9209525042207914,只有,NaN
0.9210728441333514,),0.030338400213875905
0.9210728441333516,京酱,NaN
0.9210728441333516,量少,NaN
0.9615944887181374,饭菜,NaN
0.9839623017465919,挺,0.0664586754241927
1.0204881777717059,天气,-0.04957307060755334
1.020488177771706,呢,0.06830903301491542
1.0204881777717063,一份,NaN
1.1134772422506276,凑合,-0.009589634789543167
1.1135975821631872,重要,0.0070881393309675245
1.1135975821631874,一碗,NaN
1.1135975821631874,人员,NaN
1.1135975821631874,分,0.05717297210258071
1.1135975821631874,晚上,NaN
1.1135975821631874,薯条,NaN
1.1135975821631874,饼,NaN
1.1135975821631876,几次,NaN
1.1135975821631878,后,0.057150191856074284
1.1137179220757474,8,NaN
1.1137179220757474,虽然,0.07071342799211461
1.1137179220757474,超过,0.15795918367346934
1.1137179220757476,9,NaN
1.1137179220757476,份量,NaN
1.1137179220757476,值得,NaN
1.1137179220757476,并,0.06698495334410459
1.1137179220757476,我要,NaN
1.1137179220757478,一般般,NaN
1.1138382619883074,坏,NaN
1.122586365390442,包装,-0.009972364646640586
1.1521508229325805,下次,0.03157793524933489
1.1579917015216408,希望,0.1170308123249299
1.2010604234135267,鱼香肉丝,NaN
1.2469967075803854,太慢,NaN
1.28340224369294,挺快,NaN
1.2835225836054995,4,NaN
1.2835225836054995,他,NaN
1.2835225836054995,南瓜,NaN
1.2835225836054995,算,0.03209152347807809
1.2835225836054998,变成,NaN
1.2836429235180593,热乎,0.01823129251700678
1.2836429235180598,好慢,NaN
1.2836429235180598,完美,-0.0263203463203463
1.28364292351806,总体,0.013937956180784417
1.28364292351806,给力,NaN
1.2837632634306193,开心,0.24362780077065793
1.3359900034996353,忘,0.07069597069597067
1.3506367794640362,百度,NaN
1.361525095606773,啦,0.07071342799211461
1.3767523279095413,不到,0.11790998556940047
1.3989998010254356,皮蛋,NaN
1.4230739360042932,态度,NaN
1.4355256770505496,可乐,NaN
1.4355256770505496,可是,0.07071342799211461
1.4355256770505496,所以,0.07071342799211461
1.43552567705055,食物,NaN
1.4356460169631096,刚,0.038390022675737046
1.4356460169631096,炒菜,0.02075553999304114
1.4356460169631098,不够,0.030897663140491305
1.4357663568756687,^,0.03994419722288378
1.4357663568756696,注意,0.125086025086025
1.4357663568756696,用心,0.022269150084276046
1.43576635687567,整体,NaN
1.4652730204446018,量,NaN
1.5059150049419476,菜量,NaN
1.528635081442031,相当,0.05963718820861674
1.5565410780119158,米饭,NaN
1.5730292008004845,原来,0.05538745905885872
1.6580384382995577,力,0.031008704557091704
1.6985600828843437,关键,0.007922918586799443
1.6985600828843437,联系,0.012185393997632854
1.698560082884344,很多,0.07851671075953898
1.6986804227969035,吃饱,0.091656662665066
1.6986804227969035,多点,NaN
1.6986804227969035,要求,0.04790634090511686
1.6986804227969037,香锅,NaN
1.698680422796904,冷天,-0.015473453749315857
1.6988007627094635,稻香村,NaN
1.698800762709464,卫生,-0.0037069020916570827
1.698800762709464,奶茶,NaN
1.81403730030428,中,0.04253841396698532
1.9209525042207913,筷子,NaN
1.9209525042207916,要是,0.07071342799211461
1.9209525042207916,问题,-0.05771315192743759
1.9211931840459116,量足,NaN
1.9857227596110292,不错,0.014495980210265935
2.0206085176842654,_,0.03994419722288378
2.0206085176842654,确认,0.021004580815901563
2.020608517684266,终于,NaN
2.0206085176842663,热情,0.1161324041811847
2.0207288575968256,依然,0.03549048604949234
2.0207288575968256,天,-0.046083933017033396
2.020728857596826,及时,0.013006506677906371
2.1135975821631874,经常,0.0070881393309675245
2.1135975821631874,面,0.007442064296167672
2.1137179220757476,想象,NaN
2.113838261988307,手套,NaN
2.113838261988308,大赞,NaN
2.1724912712167557,喜欢,NaN
2.2010604234135274,准时,0.025215419501133873
2.218162104660034,好,NaN
2.229074799583124,~,NaN
2.2430009390207135,一些,0.030897663140491305
2.2835225836054995,不怎么,0.030897663140491305
2.2836429235180598,沙拉,NaN
2.2836429235180598,麻辣,0.017292220963620597
2.2837632634306195,哈哈哈,NaN
2.28376326343062,优惠,0.05984745413316844
2.28376326343062,高大,-0.026810966810966785
2.302381610856815,非常,0.03189651618223055
2.3359900034996355,呀,0.042294449803131684
2.4355256770505496,选择,0.01259132224318299
2.4356460169631093,口感,0.08441009970421737
2.4356460169631102,上次,0.03157793524933489
2.4357663568756696,哈哈,0.0879040497832611
2.5974588940129855,速度,NaN
2.5990244093334294,饿,-0.015733155733155646
2.6054506784928617,分量,NaN
2.6985600828843435,15,NaN
2.6988007627094635,送得,NaN
2.724095174991481,会,0.12749344223028436
2.7575741118504715,不太,NaN
2.868485084326656,够,0.08609221466364331
2.8949572956878473,～,0.03994419722288378
2.9210728441333513,大哥,0.08035067843391935
2.9210728441333518,肉丝,NaN
2.954899836144129,很快,0.10333984001123964
3.0207288575968256,好像,0.0785954381752701
3.113717922075747,长,0.04095238095238107
3.1232262833609648,小哥,NaN
3.2010604234135265,干净,0.04110174477314443
3.2431212789332737,更好,0.035838234562372506
3.265600675608238,服务,-0.015556992027580319
3.283763263430619,感谢,0.12459762459762458
3.3709854248558386,觉得,0.07069597069597067
3.398999801025436,热,-0.01973346316366914
3.4356460169631093,哒,NaN
3.4356460169631102,好喝,NaN
3.4357663568756696,继续,0.0702280912364946
3.4905670406085116,师傅,NaN
3.573149540713045,实惠,NaN
3.6885064182204204,比较,0.10153807864609254
3.757574111850472,也好,0.07071342799211461
4.020488177771705,好多,0.0932327598027396
4.090877505663103,一如既往,0.025215419501133873
4.108071358934605,好评,NaN
4.113838261988308,还会,NaN
4.135965395191642,很大,NaN
4.158112041434201,谢谢,0.021004580815901563
4.243000939020714,棒棒,NaN
4.435525677050549,哦,NaN
4.453688264872932,方便,0.05590863878296565
4.621632902187003,棒,0.02592455163883739
5.2469967075803865,送货,NaN
5.371105764768398,骑士,NaN
5.480040136321563,满意,0.12291042291042292
5.743074542155357,足,0.041936524028976296
5.776682934798177,辛苦,-0.034495415790234296
6.885207391576346,赞,0.030972141237447348
