-0.1751936951936951,害
-0.15500227663492971,麻烦
-0.13904881755380094,破
-0.13062873634302208,不佳
-0.13062873634302208,不划算
-0.12451973147625311,恶劣
-0.10795299938157082,劣质
-0.10795299938157082,差劲
-0.10795299938157082,糠
-0.09290867862296437,赖
-0.09266043363158072,毁
-0.09038939713816557,事故
-0.09038939713816557,长短
-0.09031920872204113,艰辛
-0.08882112692449956,岔
-0.08854980383888866,破坏
-0.08357082194291493,收拾
-0.08154488416899741,斗
-0.08071332819942384,折腾
-0.08069268299758314,整
-0.08028907600336166,不善
-0.07986394557823129,事情
-0.0765798733286418,差错
-0.07557975398265776,打
-0.07155178155178155,伤
-0.07152694924123498,打死
-0.07135531135531137,事
-0.07129644674127805,报销
-0.06863058510117342,结果
-0.06258951932421325,侮辱
-0.06258951932421325,欺负
-0.06258951932421325,祸害
-0.06234099234099233,混乱
-0.0622412349555207,焯
-0.06021026592455159,糟
-0.059876051151913245,最差
-0.058735587674514755,雪
-0.05803262336443116,鱼肉
-0.05771315192743759,问题
-0.05683465420307532,弄
-0.05649222384135216,处理
-0.05649222384135216,解决
-0.0558126635269493,倒胃口
-0.0558126635269493,欺人太甚
-0.0558126635269493,污损
-0.055270525162169404,调戏
-0.054802364539206616,令人
-0.05446221654933092,搞
-0.05430675267884566,脱
-0.05426420599383075,删除
-0.05426420599383075,剔除
-0.05426420599383075,去掉
-0.05426420599383075,扔掉
-0.05426420599383075,撤
-0.05426420599383075,收回
-0.05388296498052597,醉
-0.052475250847343835,刮
-0.052475250847343835,抹
-0.052475250847343835,擦
-0.052446918161203726,恶
-0.052421545212242904,排
-0.051792130414848425,蘑菇
-0.05165161086234821,充饥
-0.05165161086234821,解渴
-0.05165161086234821,除湿
-0.050504807497590176,扫
-0.050504807497590176,洗
-0.04987605115191318,较差
-0.04957307060755334,天气
-0.04911896382484621,电
-0.04905259939366813,难
-0.04628063903309593,坐
-0.046203319391998676,介绍
-0.046083933017033396,天
-0.04605909686254017,药
-0.045686870145919656,打击
-0.044604552254491,导航
-0.044604552254491,挑战
-0.04424805047057273,给予
-0.04404488232074444,大火
-0.04256829956108221,吊
-0.04255820776660307,包
-0.042525871137154836,废
-0.0421710489057428,弄乱
-0.041227193763924974,请假
-0.040945303486478624,加油
-0.04088134088134088,饿死
-0.040649968826223404,煎熬
-0.04053090828808015,好不容易
-0.04053090828808015,好容易
-0.04053090828808015,很难
-0.04000887311446316,困难
-0.03993677816811231,促销
-0.03963075960416945,抢
-0.039604552254491054,索赔
-0.03959595959595952,烦
-0.03871154110284547,处
-0.03857198458586836,误
-0.0385368152311138,刷
-0.03763084534513106,严惩
-0.03734907832022538,吃掉
-0.03734907832022538,摧
-0.03703426314497038,派
-0.03700299700299703,磨
-0.03681582785031062,组织
-0.03661549335018727,惩罚
-0.03661549335018727,打乱
-0.03661549335018727,找麻烦
-0.03661549335018727,插
-0.03661549335018727,操蛋
-0.03661549335018727,算账
-0.03661549335018727,赌
-0.03661549335018727,较劲
-0.03661549335018727,骚扰
-0.036224951519069126,现象
-0.03580253593130439,花
-0.03533266638529797,使
-0.03523053665910808,麻
-0.0346125409411413,慢慢
-0.0346125409411413,黏糊
-0.03460455225449105,强烈要求
-0.03460455225449105,抽调
-0.03460455225449105,误导
-0.034495415790234296,辛苦
-0.03416024187452765,伤人
-0.03389111656392768,到家
-0.03372273047149893,好歹
-0.03348751565672603,张嘴
-0.03228725773167829,病
-0.03191086691086692,熊
-0.031823353724858505,缠
-0.03165161086234819,盖住
-0.031609345226447316,启动
-0.030933655794386616,调
-0.0307933207933207,表现
-0.03075198803000534,求
-0.030079517925295174,催
-0.030036971240280153,打开
-0.02989423054802609,掏空
-0.02951064424748634,趁热
-0.029018759018759,一级
-0.029018759018759,超级
-0.029018759018759,高级
-0.028841859894491506,杀
-0.028181869216352018,影响
-0.028171721471578037,一路
-0.028171721471578037,前提
-0.027840207640872083,撤销
-0.027786023500309176,过得去
-0.027309833024118824,红
-0.02689733364610214,成果
-0.02681096681096684,中等
-0.026810966810966785,高大
-0.026621784345922217,悲剧
-0.02656952803294277,干
-0.02640734051217747,咨询
-0.02640734051217747,找
-0.0263203463203463,一流
-0.0263203463203463,一等
-0.0263203463203463,上品
-0.0263203463203463,做得好
-0.0263203463203463,偷工减料
-0.0263203463203463,可爱
-0.0263203463203463,完美
-0.0263203463203463,完美无瑕
-0.0263203463203463,差不多
-0.0263203463203463,差强人意
-0.0263203463203463,扎实
-0.0263203463203463,有毒
-0.0263203463203463,极好
-0.0263203463203463,牢固
-0.0263203463203463,特异
-0.0263203463203463,玲珑
-0.0263203463203463,瓷实
-0.0263203463203463,筋道
-0.0263203463203463,简陋
-0.0263203463203463,精美
-0.0263203463203463,精致
-0.0263203463203463,结实
-0.0263203463203463,说得过去
-0.0263203463203463,还好
-0.0263203463203463,高超
-0.02602519860781788,沉醉
-0.02569277742240217,埋
-0.02569277742240217,屏蔽
-0.02569277742240217,捂
-0.02569277742240217,躲
-0.02569277742240217,隐藏
-0.025674625863305045,烤
-0.025561739847454135,薄
-0.024430319136201473,建筑
-0.0240754483611626,可以
-0.0240754483611626,最好
-0.023648266057937795,待
-0.023150914207557216,留
-0.023031547631567117,免费
-0.0227098890286746,泥
-0.022539526004806854,推
-0.02252525252525256,宏
-0.022525252525252448,漂亮
-0.022525252525252448,粗糙
-0.022525252525252448,细腻
-0.021804686517900296,事实
-0.02088065030464803,中毒
-0.020829558038860385,烂
-0.02050103416056237,调和
-0.020147872353966978,神经病
-0.020147872353966978,胃病
-0.019886202468821723,催促
-0.019886202468821723,分配
-0.019886202468821723,劝
-0.019886202468821723,叮嘱
-0.019886202468821723,告诫
-0.019886202468821723,呼吁
-0.019886202468821723,奉劝
-0.019886202468821723,寄
-0.019886202468821723,开机
-0.019886202468821723,拜托
-0.019886202468821723,指导
-0.019886202468821723,挑动
-0.019886202468821723,提醒
-0.019886202468821723,撒
-0.019886202468821723,申请
-0.019886202468821723,督促
-0.019886202468821723,逼
-0.019886202468821723,逼迫
-0.01973346316366914,热
-0.019499810534293227,做出
-0.018874458874458933,小
-0.018874458874458877,细
-0.018845676959681257,打包
-0.018567730291868256,别提
-0.018299319727891117,黑
-0.018299319727891117,黑暗
-0.018238095238095164,烫
-0.01799261637737143,坚硬
-0.01786395805263724,打架
-0.017820203591528472,退
-0.017809272675072874,费劲
-0.017014175128179432,穿
-0.017014175128179432,裹
-0.016837805021465257,窝
-0.016753720645346193,装
-0.016459606132927462,扣
-0.016427613913709616,加速
-0.0163495408085903,限制
-0.016225927594408995,梦游
-0.01581092994656974,掩盖
-0.015733155733155646,饿
-0.015600907029478417,昧着良心
-0.015600907029478417,黑心
-0.015556992027580319,服务
-0.015473453749315857,冷天
-0.015473453749315746,严寒
-0.015330325611608853,警告
-0.014831764537646952,料理
-0.01438464369383552,喊
-0.01437592111061492,撂
-0.014243430673450963,不难
-0.014243430673450963,挑食
-0.014243430673450963,无法形容
-0.014243430673450963,莫名
-0.014243430673450963,莫名其妙
-0.014243430673450963,说不出
-0.014243430673450963,说不出来
-0.014243430673450963,难以忍受
-0.013975388330866367,咕嘟
-0.013656601396539403,差
-0.01342350028178163,控制
-0.013223864258346929,过敏
-0.013110444163075774,使用
-0.013110444163075774,借
-0.013110444163075774,选用
-0.012954104718810588,下文
-0.012954104718810588,业务
-0.012954104718810588,原因
-0.012954104718810588,流程
-0.012954104718810588,满分
-0.012954104718810588,缘故
-0.012954104718810588,缘由
-0.012954104718810588,过程
-0.012876051151913204,五星级
-0.01200938516098038,操
-0.011957888310081544,钉
-0.011941391941391988,松懈
-0.01189033189033184,严谨
-0.01189033189033184,精细
-0.01189033189033184,马马虎虎
-0.011635016394741793,事件
-0.011635016394741793,事项
-0.011635016394741793,项目
-0.0115581952424057,假
-0.011002217736911624,延长
-0.010875768015356169,搭
-0.010665087666311579,领导
-0.01015606389075785,陷
-0.009976001010483793,微热
-0.009976001010483793,温暖
-0.009976001010483793,温热
-0.009972364646640586,包装
-0.009972364646640586,包裹
-0.009589634789543167,凑合
-0.00929281602750992,提前
-0.00929281602750992,晃
-0.009089301503094616,穿着
-0.008661067836996217,饮
-0.00850880471718285,告
-0.008214901532845764,卷
-0.008190296036073241,发挥
-0.008190296036073241,告诉
-0.007755102040816364,工作
-0.007711598746081516,有味
-0.007600281491907057,毛病
-0.007123870281764921,开
-0.006875901875902035,山寨
-0.006754701880752334,理由
-0.006645158374783078,做成
-0.006645158374783078,创造
-0.006500377928949419,水
-0.006433353182121737,上不来
-0.006433353182121737,成交
-0.006433353182121737,结账
-0.006433353182121737,解馋
-0.006433353182121737,调味
-0.006433353182121737,达标
-0.006343022057307857,瞎
-0.006156225352116906,免
-0.006156225352116906,关机
-0.006156225352116906,封杀
-0.006156225352116906,阻挡
-0.006156225352116906,雇佣
-0.00569292451280029,姜
-0.00569292451280029,柳
-0.00569292451280029,钱
-0.005483243802571536,规划
-0.005483243802571536,计划
-0.005483243802571536,设计
-0.005446662181356088,伺候
-0.005446662181356088,保持
-0.005446662181356088,养成
-0.005446662181356088,冰冻
-0.005446662181356088,冲淡
-0.005446662181356088,制作
-0.005446662181356088,剥
-0.005446662181356088,剥开
-0.005446662181356088,加工
-0.005446662181356088,加快
-0.005446662181356088,加热
-0.005446662181356088,勾芡
-0.005446662181356088,吃饭
-0.005446662181356088,吐槽
-0.005446662181356088,带来
-0.005446662181356088,帮助
-0.005446662181356088,帮忙
-0.005446662181356088,延误
-0.005446662181356088,延迟
-0.005446662181356088,打湿
-0.005446662181356088,打通
-0.005446662181356088,推迟
-0.005446662181356088,提速
-0.005446662181356088,撑
-0.005446662181356088,没完没了
-0.005446662181356088,淋湿
-0.005446662181356088,研发
-0.005446662181356088,稀释
-0.005446662181356088,糊嘴
-0.005446662181356088,结成
-0.005446662181356088,维持
-0.005446662181356088,耽误
-0.005446662181356088,膨胀
-0.005446662181356088,造假
-0.005350175707966642,任
-0.005100298958211236,托
-0.004326342494150037,肠炎
-0.004326342494150037,肠胃炎
-0.004146149368838448,年
-0.004135229849515476,瘦
-0.004135229849515476,肥
-0.0037497777413743605,办
-0.0037069020916570827,卫生
-0.003697439425235982,放
-0.0036446093588950457,名不副实
-0.0036446093588950457,名不虚传
-0.0036446093588950457,名副其实
-0.0036446093588950457,名过其实
-0.0036446093588950457,正宗
-0.0036446093588950457,活生生
-0.0036446093588950457,疑似
-0.0036446093588950457,真实
-0.0036446093588950457,真正
-0.0036446093588950457,真真
-0.0036446093588950457,确
-0.0036446093588950457,虚假
-0.0036446093588950457,负面
-0.0036446093588950457,货真价实
-0.0036446093588950457,贴切
-0.0036446093588950457,迂腐
-0.0036446093588950457,适宜
-0.003626541525701188,路
-0.003615160349854263,拖
-0.003615160349854263,捏
-0.003615160349854263,浇
-0.003615160349854263,煎
-0.003615160349854263,编造
-0.0032827489970347346,辣
-0.0030285991353844466,修改
-0.0030285991353844466,改
-0.0025054857107678075,枉费
-0.0023787927220311755,碰
-0.002355350742447415,横
-0.0023076717777179012,拉面
-0.0021420177894037606,灌肠
-0.001873000071108577,晒
-0.0018707482993197688,云
-0.0018707482993197688,宫
-0.0018707482993197688,楼
-0.0018707482993197688,羊
-0.0018707482993197688,范
-0.0018707482993197688,马
-0.0018707482993197688,鱼
-0.0017372466227870698,闷
-0.0015803244374673064,痛苦
-0.0011321495042425078,耽搁
0.0011859349333055436,转
0.0014065335753176145,去
0.0015501958359100954,家
0.001610370510829573,糊弄
0.001839826839826697,虚
0.0019150704167352761,啧啧
0.00241966015280215,吖
0.0024324881467738813,突出
0.002507288629737592,耍
0.002740628166160053,大号
0.0027406281661601084,酥
0.0031914469218693453,打翻
0.0034935412291592916,刺
0.003581603581603643,油
0.003880910783313707,弹
0.004093751630697473,主打
0.004191298897181228,刀
0.004240831964969938,雨天
0.004300250904024472,响
0.004317476119367614,开口
0.004376417233560026,一致
0.004376417233560026,低级
0.004376417233560026,全
0.004376417233560026,吉
0.004376417233560026,威武
0.004376417233560026,零星
0.004376417233560026,齐全
0.004511157119852727,金
0.004511157119852782,葱
0.004703139997257633,奇迹
0.004988424196502583,劝告
0.004988424196502583,命令
0.004988424196502583,忠告
0.005016935216270779,软化
0.005114122068300031,下肚
0.005114122068300031,冲开
0.005114122068300031,凉拌
0.005114122068300031,切开
0.005114122068300031,划破
0.005114122068300031,剁
0.005114122068300031,升级
0.005114122068300031,卤
0.005114122068300031,叉烧
0.005114122068300031,吮
0.005114122068300031,嚼
0.005114122068300031,打人
0.005114122068300031,拯救
0.005114122068300031,挽救
0.005114122068300031,搓
0.005114122068300031,摄入
0.005114122068300031,撕
0.005114122068300031,撕开
0.005114122068300031,擦拭
0.005114122068300031,救
0.005114122068300031,敲
0.005114122068300031,水煮
0.005114122068300031,油炸
0.005114122068300031,洗净
0.005114122068300031,涮
0.005114122068300031,清炒
0.005114122068300031,炖
0.005114122068300031,炝
0.005114122068300031,点火
0.005114122068300031,烘焙
0.005114122068300031,烙
0.005114122068300031,烤制
0.005114122068300031,烩
0.005114122068300031,焖
0.005114122068300031,煮
0.005114122068300031,煮熟
0.005114122068300031,煸
0.005114122068300031,白灼
0.005114122068300031,砣
0.005114122068300031,硌
0.005114122068300031,种
0.005114122068300031,红烧
0.005114122068300031,腊
0.005114122068300031,腌
0.005114122068300031,蒸
0.005114122068300031,踢
0.005114122068300031,踩
0.005114122068300031,踹
0.0051932129173508645,食物中毒
0.0054579787069350405,腹泻
0.0054911036778496625,完善
0.005646688384354448,水泡
0.005854145854145898,变味
0.005854145854145898,变质
0.005854145854145898,烂掉
0.005854145854145898,糟烂
0.005854145854145898,馊
0.005944055944055948,坏掉
0.005944055944055948,爆胎
0.006035578783208706,关
0.006380612851201117,黄
0.0067263369256724825,分成
0.006764135335563859,酸
0.006856282347045717,喝
0.006877656877656901,规定
0.0070474566638250025,标
0.0070881393309675245,一个劲儿
0.0070881393309675245,一向
0.0070881393309675245,一干二净
0.0070881393309675245,一片
0.0070881393309675245,三番五次
0.0070881393309675245,不止一次
0.0070881393309675245,习惯性
0.0070881393309675245,二次
0.0070881393309675245,从不
0.0070881393309675245,从未
0.0070881393309675245,从来
0.0070881393309675245,从没
0.0070881393309675245,俱全
0.0070881393309675245,值钱
0.0070881393309675245,偶尔
0.0070881393309675245,全都
0.0070881393309675245,全面
0.0070881393309675245,再三
0.0070881393309675245,动不动
0.0070881393309675245,动辄
0.0070881393309675245,吃香
0.0070881393309675245,名
0.0070881393309675245,名誉
0.0070881393309675245,后续
0.0070881393309675245,吕
0.0070881393309675245,夏
0.0070881393309675245,多余
0.0070881393309675245,多此一举
0.0070881393309675245,少见
0.0070881393309675245,崔
0.0070881393309675245,常常
0.0070881393309675245,平日
0.0070881393309675245,平时
0.0070881393309675245,年轻
0.0070881393309675245,强大
0.0070881393309675245,形同虚设
0.0070881393309675245,必要
0.0070881393309675245,总是
0.0070881393309675245,断断续续
0.0070881393309675245,新颖
0.0070881393309675245,无效
0.0070881393309675245,无用
0.0070881393309675245,时刻
0.0070881393309675245,普遍
0.0070881393309675245,有名
0.0070881393309675245,有时
0.0070881393309675245,有时候
0.0070881393309675245,没用
0.0070881393309675245,白搭
0.0070881393309675245,省事
0.0070881393309675245,省力
0.0070881393309675245,省心
0.0070881393309675245,秋
0.0070881393309675245,系列
0.0070881393309675245,经常
0.0070881393309675245,绝不
0.0070881393309675245,老少
0.0070881393309675245,至尊
0.0070881393309675245,赵
0.0070881393309675245,起码
0.0070881393309675245,连声
0.0070881393309675245,连续
0.0070881393309675245,连连
0.0070881393309675245,适中
0.0070881393309675245,遍
0.0070881393309675245,郭
0.0070881393309675245,重新
0.0070881393309675245,重要
0.0070881393309675245,闻名
0.0070881393309675245,随手
0.0070881393309675245,随时
0.0070881393309675245,隔三差五
0.0070881393309675245,难得
0.0070881393309675245,霍
0.0070881393309675245,面善
0.0070881393309675245,顺手
0.0070881393309675245,高效
0.0070881393309675245,高端
0.007150521317996927,接近
0.007150521317996927,粘
0.007150521317996927,顿
0.0071538292736449405,重复
0.007252123041337377,给
0.007442064296167672,面
0.007610174504584455,不便
0.007734487734487705,腐烂
0.007922918586799443,东门
0.007922918586799443,全身
0.007922918586799443,关键
0.007922918586799443,北门
0.007922918586799443,南门
0.007922918586799443,根本
0.007922918586799443,段
0.007952352596969026,做到
0.007952352596969026,做好
0.007952352596969026,改善
0.007952352596969026,改正
0.007952352596969026,改良
0.007952352596969026,改进
0.007952352596969026,改革
0.007952352596969026,整顿
0.007952352596969026,设置
0.007952352596969026,调节
0.007998165818241976,讲究
0.008086992372706714,均
0.008086992372706714,彻底
0.008086992372706714,那
0.008086992372706714,重点
0.008100470957613792,游戏
0.008100470957613792,生产
0.008188897936797057,大事
0.008333333333333304,油腻
0.008333333333333304,素
0.008350918079841896,梦
0.008602159010322352,摔
0.008635860263767281,提
0.008697764820213838,教育
0.008850872128183085,大牌
0.008850872128183085,女
0.008850872128183085,柴
0.008850872128183085,汤
0.008850872128183085,班
0.008850872128183085,男
0.008850872128183085,男性
0.008850872128183085,米
0.008850872128183085,部
0.008854251055931739,酱
0.008914850493042692,果
0.009031913289579308,贴
0.00937655751955957,淹没
0.009448969963671172,销售
0.009658489658489589,所谓
0.009800404800404783,矛盾
0.009990485704771346,难过
0.010038847426561137,安排
0.010097787634733457,不行
0.010294784580498872,干巴
0.010294784580498872,干巴巴
0.010294784580498928,清爽
0.010294784580498928,粗壮
0.010294784580498928,软绵绵
0.010475520859188403,拨
0.010475520859188403,掏
0.010490236580462164,削
0.010490236580462164,清洗
0.010490236580462164,炒
0.010616050616050587,败
0.010755264629504047,理
0.010785405071119414,合适
0.010785405071119414,积极
0.010807453416149082,淡
0.011011061552012091,压
0.011159118301975524,团
0.011226551226551251,累
0.011466689565184818,对待
0.011466689565184818,难倒
0.011495187365666792,瘤子
0.011638941290802063,教
0.01170675000462712,指示
0.01175066163376437,胃痛
0.011874053696713793,坑
0.011877203832091121,说
0.01193036354326682,歪
0.011955395314075412,题
0.01205172049448916,凑
0.01205172049448916,捡
0.01205172049448916,放下
0.01205172049448916,退回
0.012066436215762977,串
0.012185393997632854,买
0.012185393997632854,买回来
0.012185393997632854,付
0.012185393997632854,付出
0.012185393997632854,代收
0.012185393997632854,光临
0.012185393997632854,光顾
0.012185393997632854,入驻
0.012185393997632854,出售
0.012185393997632854,到达
0.012185393997632854,卖
0.012185393997632854,图个
0.012185393997632854,惠顾
0.012185393997632854,打交道
0.012185393997632854,抵住
0.012185393997632854,拌
0.012185393997632854,接通
0.012185393997632854,提交
0.012185393997632854,提供
0.012185393997632854,搭配
0.012185393997632854,攥
0.012185393997632854,支付
0.012185393997632854,来到
0.012185393997632854,派送
0.012185393997632854,混杂
0.012185393997632854,纠结
0.012185393997632854,联系
0.012185393997632854,营销
0.012185393997632854,让给
0.012185393997632854,购买
0.012185393997632854,赚
0.012185393997632854,赠
0.012185393997632854,赠送
0.012185393997632854,转接
0.012185393997632854,返还
0.012185393997632854,进驻
0.012185393997632854,连锁
0.012185393997632854,退掉
0.012185393997632854,退还
0.012185393997632854,送
0.012185393997632854,送达
0.012185393997632854,送还
0.012185393997632854,递
0.012185393997632854,配送
0.012185393997632854,附赠
0.012185393997632854,附送
0.012185393997632854,陪
0.012185393997632854,领取
0.012200109718906671,分开
0.012200109718906671,分离
0.012266865274082606,补
0.012359913987821047,锻炼
0.012402460672836013,优化
0.012402460672836013,创新
0.012402460672836013,加强
0.012415660150308094,陪送
0.012494331065759645,恶意
0.012512041768060034,组合
0.012531436817151187,高
0.01256518465123213,丁
0.012590945733802816,烧烤
0.01259132224318299,不说
0.01259132224318299,估计
0.01259132224318299,作弊
0.01259132224318299,做主
0.01259132224318299,坑害
0.01259132224318299,培训
0.01259132224318299,定位
0.01259132224318299,忽悠
0.01259132224318299,打马虎眼
0.01259132224318299,撒谎
0.01259132224318299,显示
0.01259132224318299,标注
0.01259132224318299,欺诈
0.01259132224318299,欺骗
0.01259132224318299,点评
0.01259132224318299,瞎扯
0.01259132224318299,考虑
0.01259132224318299,表达
0.01259132224318299,评价
0.01259132224318299,说谎
0.01259132224318299,选择
0.01259132224318299,预估
0.01259132224318299,骗
0.012616723619763126,地道
0.012664466528688911,交易
0.0128034928034928,冰
0.012981533538835077,历时
0.012981533538835077,晚点
0.013006506677906315,一会儿
0.013006506677906315,仓促
0.013006506677906315,即时
0.013006506677906315,大幅
0.013006506677906315,始终
0.013006506677906315,就要
0.013006506677906315,当时
0.013006506677906315,急急忙忙
0.013006506677906315,急火火
0.013006506677906315,立刻
0.013006506677906315,立即
0.013006506677906315,立马
0.013006506677906315,赶紧
0.013006506677906315,顿时
0.013006506677906371,一下子
0.013006506677906371,严实
0.013006506677906371,严密
0.013006506677906371,中号
0.013006506677906371,中型
0.013006506677906371,中小
0.013006506677906371,临时
0.013006506677906371,久
0.013006506677906371,久久
0.013006506677906371,冰凉
0.013006506677906371,冲天
0.013006506677906371,凉冰冰
0.013006506677906371,凉嗖嗖
0.013006506677906371,出乎意料
0.013006506677906371,十万八千里
0.013006506677906371,及时
0.013006506677906371,好久
0.013006506677906371,好几年
0.013006506677906371,寒冷
0.013006506677906371,已久
0.013006506677906371,日久天长
0.013006506677906371,暂且
0.013006506677906371,有史以来
0.013006506677906371,松软
0.013006506677906371,永远
0.013006506677906371,清凉
0.013006506677906371,清汤寡水
0.013006506677906371,湿
0.013006506677906371,湿漉漉
0.013006506677906371,湿软
0.013006506677906371,湿透
0.013006506677906371,烂乎乎
0.013006506677906371,热乎乎
0.013006506677906371,热气腾腾
0.013006506677906371,热腾腾
0.013006506677906371,眼看
0.013006506677906371,瞬间
0.013006506677906371,短期
0.013006506677906371,稠
0.013006506677906371,突然
0.013006506677906371,粘稠
0.013006506677906371,粘糊糊
0.013006506677906371,薄薄
0.013006506677906371,袖珍
0.013006506677906371,跟前
0.013006506677906371,软和
0.013006506677906371,软塌塌
0.013006506677906371,迷你
0.013006506677906371,逐步
0.013006506677906371,长久
0.013006506677906371,长时间
0.013006506677906371,鲜嫩
0.013006506677906371,黏
0.013006506677906371,黏糊糊
0.013006506677906371,默默
0.013006506677906371,默默地
0.01305063000480794,写
0.01305063000480794,灌
0.01305063000480794,热炒
0.013203713917999682,车
0.013208004471629897,哑巴
0.01352854185152319,不冷不热
0.01352854185152319,淡淡
0.013778172760419538,补给
0.013785727457127084,从头
0.013841285933738234,马上
0.013894484221163017,刷新
0.013937956180784417,总体
0.014097516118582787,登
0.014152931134681579,拜
0.014171868663701681,带
0.014392764857881102,低
0.014411891798461696,做
0.014492277307945556,粉
0.014495980210265935,不错
0.014495980210265935,俱佳
0.014495980210265935,够味儿
0.014495980210265935,没说的
0.014495980210265935,物美价廉
0.014495980210265935,良好
0.014580498866213154,明朗
0.01458049886621321,入味
0.01458049886621321,多彩
0.01458049886621321,干瘪
0.01458049886621321,无味
0.01458049886621321,没味
0.01458049886621321,涩
0.01458049886621321,淡而无味
0.01458049886621321,清淡
0.014587437586213559,强制
0.014591935642425391,拒绝
0.014642836849164342,放弃
0.0146636432350718,用不着
0.014769239475121876,大小
0.0150150558043185,利于
0.015092218705664073,错
0.015123837648754579,焦
0.015198155681745373,开眼
0.015272214439690013,配
0.015282283853712442,齁
0.015390004924888623,泡
0.015470857895021783,综合
0.015500194045606264,拼
0.015642228775956224,摆设
0.01589596913677943,扔
0.01589596913677943,留下
0.01589596913677943,蹲
0.015910684858053248,吞
0.01599257884972166,明确
0.01609458370379724,铺
0.016161859169076587,提升
0.01618073174435719,教练
0.016181611400541085,随
0.016189074083810928,让
0.0162009428047164,吵
0.016269841269841157,牛
0.01629537129537123,冻
0.016592409857715984,翻
0.016612685560053964,吸收
0.016738499595642387,决
0.016836496836496795,没意思
0.01690583492029657,沟通
0.016950526761847495,定下
0.016961690491102244,选
0.017056000333311228,王
0.01729222096362054,一直
0.01729222096362054,元
0.01729222096362054,再次
0.01729222096362054,咸
0.01729222096362054,新鲜
0.01729222096362054,次
0.01729222096362054,清新
0.01729222096362054,第一
0.01729222096362054,萧
0.01729222096362054,蓝
0.017292220963620597,下饭
0.017292220963620597,依稀
0.017292220963620597,刺鼻
0.017292220963620597,勾魂
0.017292220963620597,可口
0.017292220963620597,合口味
0.017292220963620597,听装
0.017292220963620597,味道不好
0.017292220963620597,咖啡色
0.017292220963620597,哈喇
0.017292220963620597,寡淡
0.017292220963620597,层状
0.017292220963620597,帅气
0.017292220963620597,扁
0.017292220963620597,歪七扭八
0.017292220963620597,油乎乎
0.017292220963620597,油汪汪
0.017292220963620597,浓烈
0.017292220963620597,浓郁
0.017292220963620597,深色
0.017292220963620597,焦黄
0.017292220963620597,焦黑
0.017292220963620597,爽口
0.017292220963620597,瓶装
0.017292220963620597,瘪
0.017292220963620597,白色
0.017292220963620597,盒装
0.017292220963620597,碧
0.017292220963620597,紫色
0.017292220963620597,绿
0.017292220963620597,罐装
0.017292220963620597,美丽
0.017292220963620597,美味可口
0.017292220963620597,美观
0.017292220963620597,胖
0.017292220963620597,脏乱差
0.017292220963620597,脏兮兮
0.017292220963620597,腐臭
0.017292220963620597,腥
0.017292220963620597,腥臭
0.017292220963620597,膻气
0.017292220963620597,蓝色
0.017292220963620597,袋装
0.017292220963620597,见方
0.017292220963620597,走油
0.017292220963620597,透明
0.017292220963620597,酸臭
0.017292220963620597,难吃
0.017292220963620597,难闻
0.017292220963620597,鲜美
0.017292220963620597,麻辣
0.017292220963620597,黑乎乎
0.017292220963620597,黑白
0.017334692859902023,分层
0.0173544973544974,集体
0.017359149677208974,舒
0.017489177489177443,理想
0.017519115345202285,将
0.017604617604617623,毛
0.017644649257552547,给力
0.01770872805355561,规整
0.01772036236497887,订
0.017814256137237527,龌龊
0.017854050711193614,无与伦比
0.017876233466070035,提高
0.01790214222334896,出血
0.018224156795585256,要命
0.01823129251700678,巨
0.01823129251700678,浓
0.01823129251700678,热乎
0.01823129251700678,粗
0.01823129251700678,软
0.018231292517006836,严
0.018231292517006836,大
0.018231292517006836,常
0.01827293155024251,叶
0.01827293155024251,周
0.01827293155024251,山
0.01829107400535973,佳
0.018299319727891228,皮
0.018383450023483683,区别
0.01841202879569631,咬
0.01841202879569631,扯
0.018463730228436115,破损
0.01851178598529718,标识
0.018533453867376926,取
0.01856342998765398,出台
0.018607168455038625,占
0.01866643431566173,务
0.018796871405567073,奇葩
0.018879494448315826,兜
0.019017443968182945,达
0.019054953760836102,青
0.019054953760836157,帅
0.019054953760836157,玉
0.019054953760836157,美味
0.019155844155844093,空
0.019283885568174175,追
0.019357046893992702,不再
0.019585508622053494,合
0.01968288505173227,参考
0.01968288505173227,叫唤
0.01968288505173227,呲
0.01968288505173227,嚷
0.01968288505173227,嚷嚷
0.01968288505173227,学习
0.01968288505173227,对不住
0.01968288505173227,对比
0.01968288505173227,心想
0.01968288505173227,想想
0.01968288505173227,抢白
0.01968288505173227,拍下来
0.01968288505173227,拒收
0.01968288505173227,指责
0.01968288505173227,推辞
0.01968288505173227,搜
0.01968288505173227,核实
0.01968288505173227,核对
0.01968288505173227,检查
0.01968288505173227,清点
0.01968288505173227,相较
0.01968288505173227,破口大骂
0.01968288505173227,笑
0.01968288505173227,给出
0.01968288505173227,认出
0.01968288505173227,诅咒
0.01968288505173227,识别
0.01968288505173227,询问
0.01968288505173227,辩护
0.01968288505173227,采纳
0.01968288505173227,骂
0.01968288505173227,骂人
0.01968288505173227,骂街
0.01968288505173227,骂骂咧咧
0.01976600942378287,溜
0.01978422107833877,呃
0.019834318833791886,竖
0.019980034653229284,锁
0.019990633662033297,绿色
0.020015325332781275,附带
0.0200306568549245,散发
0.02005000379663463,烹饪
0.020187853082589968,活动
0.02035068169344595,煲
0.020360843638154547,子
0.02058354255477879,站
0.02075124575124565,理论
0.02075553999304114,剪
0.02075553999304114,炒菜
0.020871064606213796,乱
0.021004580815901563,体贴
0.021004580815901563,保证
0.021004580815901563,保障
0.021004580815901563,协商
0.021004580815901563,原定
0.021004580815901563,发誓
0.021004580815901563,叹为观止
0.021004580815901563,吭声
0.021004580815901563,吵架
0.021004580815901563,吼
0.021004580815901563,告知
0.021004580815901563,品尝
0.021004580815901563,哭
0.021004580815901563,商量
0.021004580815901563,回话
0.021004580815901563,填
0.021004580815901563,填写
0.021004580815901563,夸
0.021004580815901563,对得起
0.021004580815901563,尝尝
0.021004580815901563,开具
0.021004580815901563,强烈推荐
0.021004580815901563,强调
0.021004580815901563,形容
0.021004580815901563,恭维
0.021004580815901563,打印
0.021004580815901563,承认
0.021004580815901563,抱怨
0.021004580815901563,推广
0.021004580815901563,推荐
0.021004580815901563,描述
0.021004580815901563,提倡
0.021004580815901563,搭理
0.021004580815901563,摆明
0.021004580815901563,注明
0.021004580815901563,注解
0.021004580815901563,滴滴答答
0.021004580815901563,点赞
0.021004580815901563,狡辩
0.021004580815901563,理睬
0.021004580815901563,申诉
0.021004580815901563,着重
0.021004580815901563,研究
0.021004580815901563,确认
0.021004580815901563,祝福
0.021004580815901563,称赞
0.021004580815901563,约定
0.021004580815901563,聊天
0.021004580815901563,致敬
0.021004580815901563,致歉
0.021004580815901563,舔
0.021004580815901563,表扬
0.021004580815901563,解释
0.021004580815901563,计较
0.021004580815901563,认同
0.021004580815901563,说定
0.021004580815901563,说话
0.021004580815901563,诶
0.021004580815901563,谢谢
0.021004580815901563,赔礼道歉
0.021004580815901563,道歉
0.021004580815901563,鞠躬
0.021004580815901563,预约
0.021074005359719705,外
0.021154752900483464,噩梦
0.02127602556173991,实际上
0.02127602556173991,真
0.02127602556173991,确实
0.02132027392896957,冷
0.021550723178630216,抚慰
0.021707600914762037,声音
0.021727668266401823,上门
0.021941867656153358,硬
0.022269150084276046,用心
0.022360660023150902,温
0.0224401671199701,张
0.022517006802721118,严肃
0.022517006802721118,便捷
0.022517006802721118,圆
0.022517006802721118,好看
0.022517006802721118,胡
0.022517006802721118,脏
0.022517006802721118,臭
0.022517006802721118,难看
0.022517006802721118,黄色
0.022517006802721118,黑色
0.02256104090894706,呵
0.02256934946556305,度
0.022619047619047594,地方
0.022619047619047594,堂
0.022658354095466515,卡
0.022722695641701263,稀烂
0.022887522889787848,协议
0.022913752913752916,吃腻
0.022913752913752916,痛心疾首
0.023235806597248276,甜
0.02357101096464509,指定
0.02357101096464509,混合
0.02357101096464509,统一
0.023767268654486695,动
0.0239884007984984,图
0.024012411982336834,一块
0.024098367105584495,琢磨
0.024131635909031557,吐
0.024131635909031557,曰
0.024406377935789758,工
0.024417425711543372,风尘
0.024492617757923885,发出
0.024492617757923885,摆
0.024931109973126864,失败
0.02517656946228375,混沌
0.025215419501133873,一不小心
0.025215419501133873,一如既往
0.025215419501133873,一并
0.025215419501133873,一贯
0.025215419501133873,一起
0.025215419501133873,一道
0.025215419501133873,不变
0.025215419501133873,不妥
0.025215419501133873,不当
0.025215419501133873,不负责任
0.025215419501133873,不道德
0.025215419501133873,主动
0.025215419501133873,乌七八糟
0.025215419501133873,二话没说
0.025215419501133873,亲自
0.025215419501133873,从始至终
0.025215419501133873,仔细
0.025215419501133873,任性
0.025215419501133873,任意
0.025215419501133873,偏颇
0.025215419501133873,光彩
0.025215419501133873,公平
0.025215419501133873,公道
0.025215419501133873,准时
0.025215419501133873,凶残
0.025215419501133873,单独
0.025215419501133873,厉害
0.025215419501133873,厚道
0.025215419501133873,友善
0.025215419501133873,友好
0.025215419501133873,可耻
0.025215419501133873,周到
0.025215419501133873,和善
0.025215419501133873,坚决
0.025215419501133873,大力
0.025215419501133873,大意
0.025215419501133873,如初
0.025215419501133873,妄
0.025215419501133873,妥
0.025215419501133873,守时
0.025215419501133873,实事求是
0.025215419501133873,实实在在
0.025215419501133873,客观
0.025215419501133873,小心眼
0.025215419501133873,小气
0.025215419501133873,平易近人
0.025215419501133873,应有
0.025215419501133873,强烈
0.025215419501133873,强行
0.025215419501133873,当面
0.025215419501133873,彼此
0.025215419501133873,忠实
0.025215419501133873,快捷
0.025215419501133873,恰到好处
0.025215419501133873,慎重
0.025215419501133873,懒
0.025215419501133873,懒散
0.025215419501133873,按时
0.025215419501133873,故意
0.025215419501133873,敬业
0.025215419501133873,有求必应
0.025215419501133873,有种
0.025215419501133873,朴实
0.025215419501133873,果断
0.025215419501133873,正点
0.025215419501133873,毫不犹豫
0.025215419501133873,没好气
0.025215419501133873,海枯石烂
0.025215419501133873,温柔
0.025215419501133873,火爆
0.025215419501133873,灵活
0.025215419501133873,照样
0.025215419501133873,牛气
0.025215419501133873,特地
0.025215419501133873,特意
0.025215419501133873,狠
0.025215419501133873,生硬
0.025215419501133873,直愣愣
0.025215419501133873,相互
0.025215419501133873,硬气
0.025215419501133873,硬生生
0.025215419501133873,礼貌
0.025215419501133873,私自
0.025215419501133873,简单
0.025215419501133873,粗心
0.025215419501133873,粗心大意
0.025215419501133873,粗鲁
0.025215419501133873,精到
0.025215419501133873,细心
0.025215419501133873,细致
0.025215419501133873,耐心
0.025215419501133873,肉
0.025215419501133873,胡乱
0.025215419501133873,自动
0.025215419501133873,自行
0.025215419501133873,舒缓
0.025215419501133873,蛮不讲理
0.025215419501133873,蛮横
0.025215419501133873,认真
0.025215419501133873,诚实
0.025215419501133873,诚恳
0.025215419501133873,谨慎
0.025215419501133873,赤裸裸
0.025215419501133873,辛勤
0.025215419501133873,迟钝
0.025215419501133873,迫不及待
0.025215419501133873,道德
0.025215419501133873,铁定
0.025215419501133873,随意
0.025215419501133873,风风火火
0.025215419501133873,马虎
0.02574314476127837,交流
0.025746830511536423,糖醋
0.025791147627882205,流血
0.025901461246288893,折
0.02592455163883739,棒
0.02607661246316717,确定
0.0261742043254648,丢掉
0.026361957370360678,拿
0.026365979606789935,答
0.026380695328063697,听
0.026440485303338424,香
0.02652355292324493,交涉
0.026804995770512985,凉
0.02700840992741549,凸
0.027036147792450338,经济
0.027292220963620606,尽快
0.02729222096362066,先
0.027524632230514545,一眼
0.027640529896169053,苦
0.027834301745963352,夹
0.02786857882772109,收到
0.027936507936508037,亲切
0.027936507936508037,手紧
0.027936507936508037,苦苦
0.028054130556233237,划算
0.028166278166278147,疲惫
0.028166278166278147,虚脱
0.028166278166278147,饥肠辘辘
0.028209998510138723,螺号
0.02824952824952809,为难
0.028276643990929773,弹性
0.028336334896026827,费
0.02847681601376184,谢
0.028698609878734127,不得了
0.02870252196782802,变形
0.02890301419713187,帮
0.028925994640280395,好好
0.029370027072913474,加
0.02958647355199079,合计
0.02958647355199079,称
0.029884779464611377,丢
0.03009233563749819,帖
0.030109507217521148,查
0.03022612522315038,把
0.030262390670553807,中暑
0.030262390670553807,厥
0.030262390670553807,发晕
0.030262390670553807,发酸
0.030262390670553807,发麻
0.030262390670553807,吐血
0.030262390670553807,呛
0.030262390670553807,咳嗽
0.030262390670553807,头晕
0.030262390670553807,感冒
0.030262390670553807,抽筋
0.030262390670553807,晕
0.030262390670553807,牙疼
0.030262390670553807,疯
0.030262390670553807,着凉
0.030262390670553807,胀
0.030338400213875905,""""
0.030338400213875905,'
0.030338400213875905,(
0.030338400213875905,)
0.030338400213875905,*
0.030338400213875905,-
0.030338400213875905,--
0.030338400213875905,...
0.030338400213875905,<
0.030338400213875905,=
0.030338400213875905,>
0.030338400213875905,[
0.030338400213875905,\
0.030338400213875905,|
0.030338400213875905,·
0.030338400213875905,—
0.030338400213875905,’
0.030338400213875905,“
0.030338400213875905,”
0.030338400213875905,、
0.030338400213875905,《
0.030338400213875905,【
0.030338400213875905,】
0.030338400213875905,（
0.030338400213875905,）
0.030370370370370436,光
0.030378663740105394,香甜
0.030619681960297684,白
0.03073266785899631,来电
0.030735171261487115,约
0.030762729334157968,正面
0.030822510822510807,冒
0.030897663140491305,一些
0.030897663140491305,一点儿
0.030897663140491305,万分
0.030897663140491305,不够
0.030897663140491305,不怎么
0.030897663140491305,不怎么样
0.030897663140491305,些
0.030897663140491305,全部
0.030897663140491305,十分
0.030897663140491305,双
0.030897663140491305,好生
0.030897663140491305,很少
0.030897663140491305,无以复加
0.030897663140491305,无比
0.030897663140491305,最
0.030897663140491305,最最
0.030897663140491305,有些
0.030897663140491305,有点
0.030897663140491305,有点儿
0.030897663140491305,未免
0.030897663140491305,极为
0.030897663140491305,极其
0.030897663140491305,极度
0.030897663140491305,略微
0.030897663140491305,稍
0.030897663140491305,稍微
0.030897663140491305,稍稍
0.030897663140491305,至极
0.030897663140491305,还算
0.030897663140491305,部分
0.030972141237447348,赞
0.031008704557091704,力
0.031008704557091704,努力
0.031093839665268297,回
0.031536972512582195,客气
0.03157793524933489,一一
0.03157793524933489,上次
0.03157793524933489,下回
0.03157793524933489,下次
0.03157793524933489,事先
0.03157793524933489,人为
0.03157793524933489,人工
0.03157793524933489,人造
0.03157793524933489,先后
0.03157793524933489,先来后到
0.03157793524933489,其他
0.03157793524933489,其余
0.03157793524933489,分批
0.03157793524933489,原汁原味
0.03157793524933489,另
0.03157793524933489,另类
0.03157793524933489,各种
0.03157793524933489,各色
0.03157793524933489,大大小小
0.03157793524933489,姗姗来迟
0.03157793524933489,官方
0.03157793524933489,实时
0.03157793524933489,对外
0.03157793524933489,当地
0.03157793524933489,怪异
0.03157793524933489,怪怪的
0.03157793524933489,早日
0.03157793524933489,早早
0.03157793524933489,晚
0.03157793524933489,最终
0.03157793524933489,某种
0.03157793524933489,水平
0.03157793524933489,洋气
0.03157793524933489,神奇
0.03157793524933489,第
0.03157793524933489,第一次
0.03157793524933489,第三
0.03157793524933489,第二
0.03157793524933489,趁早
0.03157793524933489,迟
0.03157793524933489,迟到
0.03157793524933489,迟早
0.03157793524933489,迟迟
0.03157793524933489,顺序
0.03157793524933489,首次
0.03164362519201236,赶快
0.031732442396323224,极
0.03189651618223055,十足
0.03189651618223055,略
0.03189651618223055,非常
0.03191609977324256,板
0.03209152347807809,算
0.032142857142857084,本
0.032412714505166806,下方
0.032412714505166806,内
0.032412714505166806,现场
0.032507548473935,标明
0.032521381057966425,亮
0.03255411255411256,到位
0.032580648689023106,断
0.03268006052995914,共用
0.03273393273393266,嫌弃
0.032771231378068644,回应
0.03287250314236828,负
0.03295639934295397,道
0.03296080336896656,吹风
0.03333268235523873,I
0.03333268235523873,i
0.03333268235523873,v
0.03334066804655045,个人
0.03334066804655045,官
0.03334066804655045,私人
0.03360750360750364,不及
0.03385765373343019,上火
0.03385765373343019,做错
0.03385765373343019,出错
0.03385765373343019,有病
0.03385765373343019,生病
0.03388888888888886,负责
0.03391899288451017,拉
0.034050620610312554,节省
0.034050620610312554,节约
0.03423352708678651,接
0.034323033288550464,长长
0.03442981708167786,证明
0.034565624773703174,请
0.03457912457912454,适
0.03458758355310082,来不及
0.034603174603174525,开放
0.03523059219098151,喔
0.035315532852478626,禀
0.03543086543086543,犯
0.03549048604949234,依然
0.0355175387948497,贵
0.03553983096333141,决定
0.035569402364120206,吓
0.035569402364120206,吸引
0.035569402364120206,威胁
0.035569402364120206,得罪
0.035569402364120206,恐吓
0.035569402364120206,气人
0.035569402364120206,气死
0.035569402364120206,辜负
0.035642651561406946,交
0.035838234562372506,更好
0.035986996855778275,图案
0.036023713560659365,要死
0.03602684316970034,片
0.036105006105006054,浪费
0.03621386276558691,进步
0.03625544411312914,票
0.036343194505598586,账
0.03649912403606992,陈
0.03661498708010341,滑
0.03664399092970527,自己
0.03670398566950295,挨着
0.03670868813725958,准
0.03672930633307986,圈
0.036816030487430096,微微
0.03698766146134558,语言
0.0370458952811894,究竟
0.03704844175432409,边
0.037233560090703,完全
0.037240537240537275,通
0.03733429831816926,工艺
0.037353123067408844,惨痛
0.0376001776001777,次之
0.0376001776001777,疲倦
0.0376001776001777,破产
0.0376001776001777,蔫
0.0376001776001777,走下坡路
0.0376001776001777,跟不上
0.0376001776001777,饿坏
0.0376001776001777,饿肚子
0.0376233026233026,尽
0.03770975056689346,顺口
0.038204904339358026,头
0.0382166512593457,电影
0.03832611832611821,呆
0.03832611832611843,愣
0.03832611832611843,疏忽
0.038390022675737046,刚
0.038390022675737046,秃
0.03844589528118941,根
0.03862001260388359,怨言
0.038703026096660154,固定
0.039027676027675984,无力
0.03904081632653056,一口
0.039083942158304075,回答
0.039111736648682505,闻
0.03915343915343916,左右
0.03921230041984758,建议
0.039247206635616705,X
0.03964543393114828,傻
0.03971129408226182,座机
0.03971129408226182,电话费
0.0397701582807965,号
0.039810750482737745,技术
0.03993378826543642,按
0.03994419722288378,#
0.03994419722288378,@
0.03994419722288378,^
0.03994419722288378,_
0.03994419722288378,~
0.03994419722288378,单号
0.03994419722288378,数字
0.03994419722288378,电话号码
0.03994419722288378,负数
0.03994419722288378,逗点
0.03994419722288378,～
0.03994528218811039,不太
0.03994528218811039,主要
0.03994528218811039,于
0.03994528218811039,又
0.03994528218811039,基本上
0.03994528218811039,竟
0.03994528218811039,绝对
0.03994528218811039,都
0.03994528218811039,首要
0.040005335467520386,死活
0.04006718354868938,叫
0.04008959805111012,嘎嘎
0.040156872651801734,惹
0.04017545219226931,纪录
0.04017545219226931,记录
0.04030511322411884,过期
0.040354789934621826,反映
0.040494933040095604,字
0.04059781488352915,浅
0.04069259640845946,嗓子
0.04078006144394225,基本
0.04078006144394225,须
0.04083468296409465,方
0.04089766314049137,不大
0.040908452076616364,比
0.04095238095238107,长
0.04109004258047683,熟悉
0.04110174477314438,50%
0.04110174477314438,一丝一毫
0.04110174477314438,一个半
0.04110174477314438,一共
0.04110174477314438,一半
0.04110174477314438,两
0.04110174477314438,两重
0.04110174477314438,俩
0.04110174477314438,倍
0.04110174477314438,充足
0.04110174477314438,半
0.04110174477314438,半拉
0.04110174477314438,单人
0.04110174477314438,双双
0.04110174477314438,唯有
0.04110174477314438,唯独
0.04110174477314438,寸
0.04110174477314438,小半
0.04110174477314438,少量
0.04110174477314438,新
0.04110174477314438,时
0.04110174477314438,更少
0.04110174477314438,有限
0.04110174477314438,样样
0.04110174477314438,绰绰有余
0.04110174477314438,足够
0.04110174477314438,饱满
0.04110174477314443,奇
0.04110174477314443,干净
0.041217729169589934,表示
0.04143140100586906,单
0.04154195011337869,明白
0.041674977683381076,抵
0.04170801498532595,总
0.04177308173823857,教训
0.04186870856323949,呼呼
0.041936524028976296,足
0.04200111144549018,文字
0.04210059781488362,单一
0.042218099360956496,戳
0.042294449803131684,呀
0.042294449803131684,哇塞
0.042294449803131684,哟
0.04232927279438914,联合
0.04236208236208233,砸
0.042453234414746466,呼哧
0.04249042145593873,堪
0.04249230525049824,查询
0.04249230525049824,问及
0.04253841396698532,中
0.04269841269841279,麻痹
0.04286447757035994,後
0.04286447757035999,各位
0.04287786061347876,逗
0.04288114184665903,暖
0.04305288818400871,从
0.04310352908740006,假话
0.04310352908740006,瞎话
0.04321073884099097,由
0.04329428219119669,承诺
0.04357259864292523,热线电话
0.04357259864292523,电话
0.04372563237749316,胡说
0.04372563237749316,胡说八道
0.04372563237749316,评论
0.04376286974674065,照片
0.04388350779655126,难受
0.043933421076278234,爆
0.04399558454857988,消化
0.044145221308264815,赠品
0.04426018426018419,玩
0.04427047266738715,总结
0.04442682542862869,好过
0.04447202011273954,谈
0.04455354258588762,嘉
0.04458338596269629,清
0.04469097129474481,草
0.044739560854347105,沾
0.04478441761878216,笑话
0.04482429192866111,哇哇
0.044883529169243486,刚刚
0.044883529169243486,前面
0.044883529169243486,这
0.04488762760776038,呵呵
0.04488762760776038,嘻嘻
0.04488762760776038,嘿嘿
0.04509206571829294,版
0.045192743764172316,顺路
0.04522158159640116,关系
0.045223328233597704,语
0.045287896077220946,号码
0.04539682539682538,疯狂
0.0454847871923344,投诉
0.04553969133440927,评
0.04574756692280868,吧唧
0.0458486815986523,回信
0.045852614818131965,堵
0.04603210051597145,评语
0.04629026523501384,噎
0.0463265306122449,贼
0.046425479282622084,通畅
0.04642547928262214,敏感
0.04660176714363906,盖
0.04661227487411396,会员卡
0.04664287031426989,到底
0.04667665766668627,微信
0.0466914411753121,言辞
0.04671994671994667,伤心
0.04671994671994667,心酸
0.04671994671994667,酸楚
0.046884911483788316,照
0.04691381181688392,媒体
0.04711690701382143,图画
0.047266149910766275,挂
0.04729257220129435,结束
0.04743764172335607,一定
0.04748473776342438,+
0.04752078609221472,相对
0.04758175138303011,水分
0.04776841143981109,半截
0.047849898580121675,赶不上
0.04789115646258513,直接
0.04790634090511686,要求
0.04795156162296127,一切
0.04827168506956214,得
0.048448176143275956,就
0.048491032776747045,蛮
0.04869305297876736,自然
0.04872611118366632,中文
0.04893304690297179,偏偏
0.04901474802375161,鉴定
0.04916099773242627,向
0.04917301089714887,史无前例
0.04926829499851815,适应
0.04971614556753873,充当
0.049735449735449744,总共
0.049735449735449744,所有
0.05013605442176877,一般
0.05013605442176877,健康
0.05013605442176877,大概
0.05013605442176877,大约
0.05013605442176877,这样
0.05013605442176877,那么
0.05013605442176883,同
0.05013605442176883,自
0.05013605442176883,随便
0.050149363820763404,其次
0.05015780054335339,菜单
0.05015780054335339,黑名单
0.05028641856228061,吃不饱
0.05029859029859035,吹
0.05048131944683659,怪
0.050544217687074844,连
0.050649268008058856,分别
0.05076489284437902,B
0.05076489284437902,C
0.05076489284437902,D
0.05076489284437902,F
0.05076489284437902,K
0.05076489284437902,N
0.05076489284437902,O
0.05076489284437902,T
0.05076489284437902,U
0.05076489284437902,l
0.05076489284437902,n
0.05076489284437902,o
0.05076489284437902,s
0.05076489284437902,x
0.05076489284437902,y
0.05076489284437902,來
0.05076489284437902,倆
0.05076489284437902,個
0.05076489284437902,們
0.05076489284437902,備
0.05076489284437902,別
0.05076489284437902,勁
0.05076489284437902,嗎
0.05076489284437902,嗮
0.05076489284437902,囗
0.05076489284437902,壞
0.05076489284437902,對
0.05076489284437902,屮
0.05076489284437902,挻
0.05076489284437902,斷
0.05076489284437902,査
0.05076489284437902,歺
0.05076489284437902,沒
0.05076489284437902,涼
0.05076489284437902,給
0.05076489284437902,耶
0.05076489284437902,艸
0.05076489284437902,艹
0.05076489284437902,芔
0.05076489284437902,茻
0.05076489284437902,裏
0.05076489284437902,註
0.05076489284437902,說
0.05076489284437902,請
0.05076489284437902,豌
0.05076489284437902,賣
0.05076489284437902,跩
0.05076489284437902,還
0.05076489284437902,醬
0.05076489284437902,錯
0.05076489284437902,難
0.05076489284437902,飯
0.05076489284437902,餸
0.05076489284437902,髒
0.05076489284437902,魚
0.05076489284437902,鴨
0.05076489284437902,麵
0.05076489284437902,麽
0.05110174477314444,稀
0.051220004485310555,再说
0.05122683556181096,起
0.0513205141112118,短
0.051638150785156156,着
0.05168689698101464,唔
0.05186992901278614,炸
0.05194139194139191,出生
0.05231213231213239,着急
0.05240905862858053,变
0.05246498599439775,经过
0.05268707482993207,作
0.05270550601077978,结论
0.052756569326548985,极少
0.052756569326548985,至少
0.05276536483619232,幌子
0.052857142857142936,刚好
0.052857142857142936,正好
0.05355621576376296,话
0.05355833572581137,入
0.05358960601689394,手术
0.053667409842229286,上
0.053760262725779995,产生
0.053793825222396674,感受
0.05382873455895765,习惯
0.0543516800659658,少
0.05438181681930587,万万
0.05438181681930587,千万
0.05438181681930587,只
0.05438181681930587,只不过
0.05450402088333128,顺
0.054707186950015085,容易
0.054707186950015085,顺利
0.054769568937044544,飞
0.05488392904541972,走
0.054926184926184896,不怕
0.054926184926184896,窝火
0.054926184926184896,赌气
0.054959183673469414,个别
0.05504768776197344,可
0.055074006453316726,正
0.05511565265053647,保留
0.05521229181327697,体验
0.05521229181327697,经历
0.05521229181327697,经验
0.055230880230880186,原
0.05527298187675561,抠
0.05531856533140228,顺着
0.05538745905885872,一度
0.05538745905885872,事后
0.05538745905885872,从前
0.05538745905885872,以往
0.05538745905885872,刚才
0.05538745905885872,原先
0.05538745905885872,原本
0.05538745905885872,原来
0.05538745905885872,后来
0.05538745905885872,已
0.05538745905885872,已经
0.05538745905885872,当初
0.05538745905885872,早就
0.05538745905885872,早已
0.05538745905885872,未来
0.05538745905885872,本来
0.05538745905885872,然后
0.05538745905885872,至今
0.05538745905885872,过后
0.05538745905885872,隔夜
0.05539622300533115,疙瘩
0.05547619047619046,地
0.05552057652897985,落
0.0556761246416419,无所谓
0.05569985569985575,混
0.05579165304565764,开始
0.05590863878296565,方便
0.05622223831469059,前
0.05622223831469059,底下
0.05637707120465746,闹
0.056392496392496494,欠
0.05644910644910639,减价
0.05644910644910639,减到
0.05644910644910639,折半
0.05644910644910639,跌破
0.05653061224489797,各
0.05653061224489797,适度
0.0568398268398268,实在
0.05691025303084368,传说
0.05691025303084368,答复
0.05691025303084368,说明
0.057150191856074284,下边
0.057150191856074284,下面
0.057150191856074284,后
0.057150191856074284,现代
0.05717297210258071,分
0.05737292865864291,可能
0.05780219780219781,嘎巴
0.05780219780219786,受得了
0.05780219780219786,完事
0.05780219780219786,已然
0.05780219780219786,拿出
0.05780219780219786,曝光
0.05780219780219786,死难
0.05780219780219786,耐
0.05780219780219786,露出
0.05793384805443863,状
0.05793384805443863,通知
0.05797226582940862,露
0.05800611153552332,活
0.05816680276973918,据
0.058511702652422004,一点
0.058610595753452954,无法
0.058796337761855055,倒
0.058796337761855055,没有
0.05893617493617498,保护
0.05897092533323073,交待
0.05898165326736754,神
0.05907572529524713,改变
0.05907572529524718,人间蒸发
0.05907572529524718,变化
0.05907572529524718,失联
0.05907572529524718,失踪
0.05907572529524718,开场
0.05907572529524718,开工
0.05907572529524718,无影无踪
0.05907572529524718,杳无音讯
0.05916215361706906,停
0.05916215361706906,收
0.05931739466946656,意
0.05962275819418683,幼稚
0.05963718820861674,相当
0.05978067088904532,切
0.05984745413316844,优惠
0.05984745413316844,有益
0.059863945578231215,透
0.059886043296181524,品味
0.059899426469406214,一丁点儿
0.059899426469406214,一星半点
0.059899426469406214,一点点
0.059899426469406214,半点
0.059899426469406214,太少
0.059950738916256185,等等
0.059966024537092655,反
0.05998168498168488,认识
0.060149363820763524,且
0.060149363820763524,长达
0.0602088361441131,没到
0.06044723288472198,只是
0.06045265246164794,没
0.06049493304009562,句
0.06049493304009562,字样
0.06049493304009562,词
0.060625554296953876,快当
0.060625554296953876,快速
0.060625554296953876,紧密
0.060625554296953876,迅捷
0.060625554296953876,迅速
0.060625554296953876,速
0.06068712049844127,出彩
0.06068712049844127,开玩笑
0.06068712049844127,捉弄
0.060707759673276906,下
0.06075630252100844,误会
0.06075630252100844,误解
0.060789087789087703,死
0.060910086082499926,发达
0.061133786848072635,发
0.06116780045351483,真心
0.06127616560468946,啊
0.061356870524346185,归
0.061428571428571443,绝
0.061490544027489824,及
0.06150525354507419,特快
0.06166343069997554,集中
0.061736047562619634,不管
0.06189213085764805,上手
0.06189213085764805,掌握
0.06190476190476185,漏
0.061961687163645474,不下
0.06196874269896574,服
0.06210678210678211,缺
0.062181315357358935,化
0.06219954648526088,轻易
0.06232117089259953,懵
0.06232117089259959,天真
0.06275819418676559,巨大
0.06343915343915335,该
0.06347745821430029,落下
0.06362366101729505,到
0.0637460429222444,忍住
0.06376956376956372,绕
0.0640082068836883,加上
0.0640082068836883,替
0.06409208212676631,不来
0.06415966386554622,及第
0.06415966386554622,发财
0.06443507810647775,另外
0.06443507810647775,同时
0.06443507810647775,当然
0.06443507810647775,最后
0.06443507810647775,首先
0.0644799644799644,不信
0.0644799644799644,不容
0.0644799644799644,体谅
0.0644799644799644,傻眼
0.0644799644799644,原谅
0.0644799644799644,同情
0.0644799644799644,埋怨
0.0644799644799644,得饶人处且饶人
0.0644799644799644,忽略
0.0644799644799644,忽视
0.0644799644799644,惋惜
0.0644799644799644,无视
0.0644799644799644,责怪
0.0644799644799644,轻蔑
0.0644799644799644,鄙视
0.06451612903225812,等到
0.06461901926363567,达到
0.06462585034013613,停止
0.06468253968253979,冲
0.06476841143981105,神速
0.06492196878751505,抽
0.0649378956614276,追踪
0.06514298566930143,看
0.06518037518037512,生
0.06518883415435145,赶
0.06541327642167988,赢
0.06542578056863779,点
0.06557997557997558,承受
0.06557997557997564,享受
0.06557997557997564,忍受
0.06563025210084028,赶上
0.06586364953504908,嫩
0.06602009102009104,形象
0.06623931623931628,不忍
0.06623931623931628,忍不住
0.06623931623931628,忍无可忍
0.06623931623931628,过瘾
0.0664586754241927,挺
0.0665213810579664,亏
0.06663722124015775,反正
0.06663722124015775,结合
0.06663722124015775,至
0.06680925762831691,才能
0.06683428927126417,摊
0.06694938820912122,不见
0.06698495334410459,并
0.06700886252078386,气
0.06712265753570096,记
0.06741854636591477,有意思
0.06760017760017767,不如
0.06801887457856653,易
0.06807256235827658,晕头转向
0.06807256235827658,迷迷糊糊
0.06821968398323075,吃
0.06826189683332529,发热
0.0682618968333254,闹心
0.06830903301491542,吧
0.06830903301491542,呢
0.06834154351395738,依旧
0.06834652681379128,上去
0.06834652681379128,上来
0.06834652681379128,下来
0.06834652681379128,出去
0.06834652681379128,回来
0.06834652681379128,进去
0.06834652681379128,进来
0.06850259252637225,首选
0.06880969425771072,传
0.06891203137226459,所
0.06898367714157189,失恋
0.06911165666484814,堵车
0.0691208996508536,拍
0.06915711891400561,意见
0.06933980161848824,来讲
0.06933980161848824,来说
0.06933980161848824,而言
0.06934667001128808,看好
0.06953031620171585,最近
0.06955332902391725,洗不掉
0.06965152869658503,摆在
0.06971393685679395,熬
0.06977874276261375,哪儿
0.06977874276261375,的话
0.06977874276261375,被
0.06987266701552408,顶
0.069921968787515,像
0.07011782329386695,回复
0.07020757020757018,认为
0.07022809123649454,崩
0.0702280912364946,出现
0.0702280912364946,发生
0.0702280912364946,受
0.0702280912364946,受到
0.0702280912364946,存在
0.0702280912364946,怀着
0.0702280912364946,持续
0.0702280912364946,摊上
0.0702280912364946,有所
0.0702280912364946,睡醒
0.0702280912364946,继续
0.0702280912364946,跟进
0.07022809123649465,崩溃
0.07022809123649465,接着
0.07026059283506092,沾满
0.07041388703396378,和
0.07050638437193063,凭
0.07053274949826671,针对
0.07053274949826677,如
0.07053274949826677,总计
0.07053274949826677,距离
0.07053274949826677,面对
0.07069597069597067,不知
0.07069597069597067,以为
0.07069597069597067,信赖
0.07069597069597067,发现
0.07069597069597067,听说
0.07069597069597067,心服
0.07069597069597067,忘
0.07069597069597067,忘记
0.07069597069597067,想着
0.07069597069597067,服气
0.07069597069597067,混为一谈
0.07069597069597067,漏掉
0.07069597069597067,相信
0.07069597069597067,看出
0.07069597069597067,看得出来
0.07069597069597067,知情
0.07069597069597067,知道
0.07069597069597067,耳闻
0.07069597069597067,觉得
0.07069597069597067,认准
0.07069597069597067,记住
0.07069597069597067,记得
0.07069597069597067,记忆
0.07069597069597067,迷失
0.07069597069597072,省
0.07071342799211461,一味
0.07071342799211461,一如
0.07071342799211461,不了
0.07071342799211461,不仅
0.07071342799211461,不会
0.07071342799211461,不但
0.07071342799211461,不免
0.07071342799211461,不单
0.07071342799211461,不得不
0.07071342799211461,不得已
0.07071342799211461,不必
0.07071342799211461,不然
0.07071342799211461,不用说
0.07071342799211461,不能
0.07071342799211461,不要
0.07071342799211461,不论
0.07071342799211461,不该
0.07071342799211461,不起
0.07071342799211461,不足以
0.07071342799211461,与
0.07071342799211461,与否
0.07071342799211461,为什么
0.07071342799211461,为何
0.07071342799211461,为啥
0.07071342799211461,为此
0.07071342799211461,么
0.07071342799211461,之所以
0.07071342799211461,也
0.07071342799211461,也好
0.07071342799211461,也许
0.07071342799211461,于是
0.07071342799211461,亏得
0.07071342799211461,什么
0.07071342799211461,仅
0.07071342799211461,仍
0.07071342799211461,从此
0.07071342799211461,以及
0.07071342799211461,以来
0.07071342799211461,以至于
0.07071342799211461,们
0.07071342799211461,似乎
0.07071342799211461,似的
0.07071342799211461,但
0.07071342799211461,但是
0.07071342799211461,低于
0.07071342799211461,何况
0.07071342799211461,何时
0.07071342799211461,关于
0.07071342799211461,其实
0.07071342799211461,再者
0.07071342799211461,凑巧
0.07071342799211461,几点
0.07071342799211461,凭良心说
0.07071342799211461,别说
0.07071342799211461,务必
0.07071342799211461,即使
0.07071342799211461,即便
0.07071342799211461,压根儿
0.07071342799211461,及其
0.07071342799211461,反倒
0.07071342799211461,反而
0.07071342799211461,只会
0.07071342799211461,只好
0.07071342799211461,只要
0.07071342799211461,可是
0.07071342799211461,吗
0.07071342799211461,否则
0.07071342799211461,呐
0.07071342799211461,呗
0.07071342799211461,咋
0.07071342799211461,咋办
0.07071342799211461,咋样
0.07071342799211461,哎
0.07071342799211461,哎呀
0.07071342799211461,哎哟
0.07071342799211461,哪
0.07071342799211461,哪怕
0.07071342799211461,哪种
0.07071342799211461,哪里
0.07071342799211461,唉
0.07071342799211461,啥
0.07071342799211461,啦
0.07071342799211461,喽
0.07071342799211461,嘛
0.07071342799211461,嘞
0.07071342799211461,回回
0.07071342799211461,因为
0.07071342799211461,因此
0.07071342799211461,在外
0.07071342799211461,多久
0.07071342799211461,多于
0.07071342799211461,多少
0.07071342799211461,多长时间
0.07071342799211461,如下
0.07071342799211461,如何
0.07071342799211461,如果
0.07071342799211461,宁可
0.07071342799211461,对于
0.07071342799211461,对此
0.07071342799211461,就是说
0.07071342799211461,就算
0.07071342799211461,居然
0.07071342799211461,岂
0.07071342799211461,岂止
0.07071342799211461,并且
0.07071342799211461,幸亏
0.07071342799211461,幸好
0.07071342799211461,应当
0.07071342799211461,应该
0.07071342799211461,必定
0.07071342799211461,必将
0.07071342799211461,必须
0.07071342799211461,怎
0.07071342799211461,怎么回事
0.07071342799211461,怎么着
0.07071342799211461,总之
0.07071342799211461,总得
0.07071342799211461,总的来说
0.07071342799211461,恐怕
0.07071342799211461,想来
0.07071342799211461,我怕
0.07071342799211461,或
0.07071342799211461,或者
0.07071342799211461,或许
0.07071342799211461,所以
0.07071342799211461,按照
0.07071342799211461,据说
0.07071342799211461,接下来
0.07071342799211461,撑死
0.07071342799211461,擅自
0.07071342799211461,敢
0.07071342799211461,整整
0.07071342799211461,无论
0.07071342799211461,无论如何
0.07071342799211461,既然
0.07071342799211461,既然如此
0.07071342799211461,日后
0.07071342799211461,是否
0.07071342799211461,晚于
0.07071342799211461,更何况
0.07071342799211461,更是
0.07071342799211461,未
0.07071342799211461,未必
0.07071342799211461,本应
0.07071342799211461,本着
0.07071342799211461,果然
0.07071342799211461,果真
0.07071342799211461,正在
0.07071342799211461,正如
0.07071342799211461,此外
0.07071342799211461,每回
0.07071342799211461,每次
0.07071342799211461,比如
0.07071342799211461,毕竟
0.07071342799211461,毫不
0.07071342799211461,毫无疑问
0.07071342799211461,焉
0.07071342799211461,然而
0.07071342799211461,理所应当
0.07071342799211461,甚至
0.07071342799211461,由于
0.07071342799211461,的确
0.07071342799211461,直到
0.07071342799211461,相对而言
0.07071342799211461,真是
0.07071342799211461,硬是
0.07071342799211461,确乎
0.07071342799211461,竟然
0.07071342799211461,简直
0.07071342799211461,索性
0.07071342799211461,而且
0.07071342799211461,而已
0.07071342799211461,而是
0.07071342799211461,能否
0.07071342799211461,自从
0.07071342799211461,至于
0.07071342799211461,至此
0.07071342799211461,若
0.07071342799211461,虽然
0.07071342799211461,虽说
0.07071342799211461,要不是
0.07071342799211461,要不然
0.07071342799211461,要么
0.07071342799211461,要是
0.07071342799211461,说实话
0.07071342799211461,说真的
0.07071342799211461,谁
0.07071342799211461,足足
0.07071342799211461,鉴于
0.07071342799211461,除了
0.07071342799211461,除此以外
0.07071342799211461,除非
0.07071342799211461,难道
0.07071342799211461,非得
0.07071342799211461,非要
0.07071342799211461,顶多
0.07140511376964581,抱
0.07149184149184146,涨
0.07159732922444784,之前
0.07159732922444784,之后
0.07159732922444784,从今以后
0.07175082149745221,食用
0.07176924823983644,附上
0.07190476190476197,当
0.07197025151524022,接受
0.07205882352941173,分到
0.07215768358625502,被盗
0.07215768358625502,被迫
0.07237831237831244,挨饿
0.07263519820448905,数
0.07295537497953897,进
0.07299319727891157,等
0.0730138257562567,起来
0.07306471306471307,丢人
0.07306471306471307,吃亏
0.07306911479325268,令人作呕
0.07306911479325268,发腻
0.07306911479325268,可恨
0.07306911479325268,可恶
0.07306911479325268,够呛
0.07308523409363749,上当
0.07308523409363749,弄错
0.07308523409363749,搞错
0.07308523409363749,望洋兴叹
0.07308523409363749,没法
0.07308523409363749,没法子
0.07308523409363749,没辙
0.07308523409363749,眼睁睁
0.07312534209085941,尝
0.07313797313797304,在乎
0.07313968946399757,别
0.07314775605098184,谱
0.07364191364191364,放假
0.07385527518303359,挑
0.07413161551092584,完成
0.07413161551092584,完毕
0.07416470863904079,刺激
0.07450814838240657,一边
0.07450814838240657,之外
0.07450814838240657,的
0.0752192252192252,困
0.07543599257884975,生疏
0.075629539542583,不爽
0.07590651924124414,跟
0.07590651924124414,跟着
0.07623275980273947,低价
0.07637292464878676,不可
0.07637292464878676,就是
0.07637292464878676,有没有
0.07637292464878676,看上去
0.07637292464878676,看起来
0.07637292464878676,还是
0.07656609313607288,飞快
0.07656609313607288,飞速
0.07660158232572023,致癌
0.07669340170490652,之
0.07670995670995667,喜庆
0.0769344579410976,出
0.07756712626687395,识字
0.07774443946857729,值得称赞
0.07774443946857729,可圈可点
0.07774443946857734,令人发指
0.07774443946857734,令人吃惊
0.07774443946857734,侮辱性
0.07774443946857734,可怕
0.07774443946857734,可气
0.07774443946857734,吓人
0.07774443946857734,堪忧
0.07774443946857734,好赚
0.07774443946857734,惊人
0.07774443946857734,气死人
0.07774443946857734,烦人
0.07774443946857734,直观
0.07774443946857734,能用
0.0777444394685774,密封
0.0777444394685774,速溶
0.0777444394685774,随身
0.07774443946857745,无敌
0.07785658785658783,不顾
0.07800421800421797,减
0.07800421800421797,减少
0.07800421800421803,剩
0.07800421800421803,剩余
0.07800421800421803,欠缺
0.07800421800421803,缩水
0.07800421800421803,缺少
0.07800421800421808,下降
0.07812430459156905,靠
0.07816091954022986,不止
0.07816459917300256,交代
0.07816627816627814,怪不得
0.07827838827838829,支持
0.07830801264237713,反问
0.07839433493306847,却
0.07839433493306847,通过
0.07846597846597841,不好意思
0.07846597846597841,发脾气
0.07846597846597841,发飙
0.07846597846597841,后悔
0.07846597846597841,大跌眼镜
0.07846597846597841,失望
0.07846597846597841,害怕
0.07846597846597841,尴尬
0.07846597846597841,心烦
0.07846597846597841,忿忿
0.07846597846597841,恼怒
0.07846597846597841,恼火
0.07846597846597841,惊
0.07846597846597841,惊喜
0.07846597846597841,愧疚
0.07846597846597841,抑郁
0.07846597846597841,抓狂
0.07846597846597841,气急败坏
0.07846597846597841,气愤
0.07846597846597841,生气
0.07846597846597841,糟心
0.07846597846597841,绝望
0.07846597846597841,遗憾
0.07846597846597841,郁闷
0.07846597846597841,顾虑
0.07849273406676738,火
0.07851671075953898,不少
0.07851671075953898,不过
0.07851671075953898,再
0.07851671075953898,多加
0.07851671075953898,多多
0.07851671075953898,大大
0.07851671075953898,太
0.07851671075953898,太过分
0.07851671075953898,尤其
0.07851671075953898,很
0.07851671075953898,很多
0.07851671075953898,无限
0.07851671075953898,更
0.07851671075953898,格外
0.07851671075953898,甚
0.07851671075953898,着实
0.07851671075953898,端的
0.07851671075953898,超乎
0.07851671075953898,越来越
0.07851671075953898,过于
0.07851671075953898,过分
0.07851671075953898,过头
0.07851671075953898,过火
0.07851671075953898,还要
0.07851671075953898,额外
0.0785954381752701,好像
0.0785954381752701,看来
0.07867132867132864,提价
0.07867132867132864,涨价
0.07867132867132864,飙升
0.07868426875851331,怎么
0.07868426875851331,怎么样
0.07868426875851331,怎样
0.07912240265181442,惊呆
0.07912240265181442,震惊
0.0791969828683825,好几
0.079212708683297,大失所望
0.07938775510204082,祝
0.07951556380127817,如此
0.07951556380127817,特别
0.07951556380127817,离谱
0.07961746936536851,忒
0.07963362396798845,问
0.08014285714285707,奢望
0.08027944355675443,老大
0.0803506784339193,叔叔
0.0803506784339193,大妈
0.0803506784339193,大姐
0.08035067843391935,兄弟
0.08035067843391935,大哥
0.08086171260744313,体感
0.08086171260744313,意识
0.0809346209346209,降低
0.08109466423752143,恶心
0.08121070650482415,望
0.08154867662816279,老人家
0.08172335600907027,铁
0.08172335600907038,脆
0.08183485511089766,补充
0.08205549347971752,买好
0.08241976414390212,美好
0.08306700457960958,没关系
0.0836734693877551,现
0.08376026272577997,在
0.08386250257678834,以下
0.08403761504601848,掉
0.08430801264237708,咒
0.08441009970421737,口感
0.08441009970421737,眼里
0.08443507810647771,远
0.08449664430796511,吹捧
0.08449664430796511,搞笑
0.08449664430796511,讨好
0.08449664430796511,逗乐
0.08450216450216458,肯定
0.0849167253108139,存
0.08512820512820513,不禁
0.0853831417624521,对
0.08547619047619037,精
0.0855328798185942,几
0.0860090702947846,锋利
0.08609221466364331,够
0.08638549392037775,过来
0.08641009970421731,色
0.08641009970421731,食欲
0.08659650136120717,担心
0.08661144552485806,最爱
0.08717256424520581,喂
0.08744235776873349,冷热
0.08744235776873349,温度
0.08756021756021753,不在乎
0.08756021756021753,不理
0.08756021756021753,不问
0.08756021756021753,顾不上
0.087564329807158,较
0.08780219780219783,了
0.08780219780219789,不定
0.0879040497832611,哈哈
0.08798468124998743,捧
0.08810918306716631,管
0.08824460191600153,今后
0.08824460191600153,任何
0.08824460191600153,几分
0.08824460191600153,哪样
0.08824460191600153,既
0.08824460191600153,每
0.08824460191600153,若干
0.08843820020290599,烦躁
0.08870748299319736,干脆
0.08872079239219205,一大半
0.08872079239219205,两倍
0.08872079239219205,亿万
0.08872079239219205,大部分
0.08872079239219205,无数
0.08872079239219205,没少
0.08872079239219205,绝大多数
0.08879951980792311,下去
0.08879951980792311,住
0.08879951980792311,出来
0.08879951980792317,得到
0.08915966386554625,不太好
0.08917443101116562,烧
0.08938775510204094,成功
0.0899559823929571,感到
0.08995598239295721,满怀
0.09000733471321715,才
0.09006568144499189,完
0.09031113331113322,可惜
0.09046176046176047,近
0.09066966366966367,屁
0.09086804241831764,感动
0.09086804241831764,激动
0.091656662665066,中奖
0.091656662665066,出名
0.091656662665066,吃饱
0.091656662665066,超出
0.091656662665066,进展
0.09165666266506606,打过
0.0919302919302919,饶
0.09208747098890863,笑一笑
0.09230769230769226,可见
0.0926295926295927,紧张
0.0932327598027396,太多
0.0932327598027396,好多
0.0932327598027396,许多
0.09362710601481977,遂
0.09384684281236005,奇怪
0.09394557823129251,偏
0.09394557823129251,正经
0.09394557823129251,特
0.09424908424908424,反感
0.09424908424908424,嫌
0.09426091573557005,痛
0.09451380552220895,好奇
0.09451380552220895,忍心
0.09451380552220895,期待
0.09451380552220895,犹豫
0.09451380552220895,舍不得
0.09451380552220895,舍得
0.09451380552220895,需
0.09451380552220895,馋
0.0945646618991271,宠
0.0946523411229293,急
0.0946764346764346,相
0.09467643467643472,直
0.09471470510879382,有
0.09484563055991635,饱
0.09493397358943578,没事儿
0.09533847432261588,见
0.09554730983302412,越
0.09583867113278871,必要条件
0.09583867113278871,期望值
0.09583867113278871,需求
0.09586386809388203,偏重
0.09586386809388214,吃醋
0.09602535402983114,一旦
0.09615337043908478,尖
0.09722277508152555,还
0.09755867864387135,有待
0.09773194369467658,讲
0.09804597701149426,过去
0.09805860805860805,能够
0.09807419431575404,丰富
0.0982239147652682,纯
0.098720792392192,没多久
0.0987905626989185,拜拜
0.09893217893217887,小心
0.09942692228406519,拿手
0.09942692228406519,老到
0.09972789115646258,感觉
0.09985811835851927,往
0.10043908472479895,明
0.10043908472479907,熟
0.10054196707019264,总算
0.10121816168327796,盛
0.10134220459343612,心意
0.10153807864609254,比较
0.10213464696223318,无意
0.10229158329998667,忍
0.10300650667790628,丰满
0.10300650667790628,快要
0.10300650667790628,稍后
0.10300650667790634,贴心
0.10308523409363746,无奈
0.10313749742321177,智能
0.10313749742321177,机灵
0.10313749742321177,精明
0.10313749742321177,聪明
0.1032327598027395,骨肉相连
0.10333984001123964,很快
0.10347430347430353,应
0.10377174640215703,呦
0.10383118036442118,伙计
0.10400037917466759,不
0.10413906866855482,新年快乐
0.1041496598639457,大量
0.10415140415140417,遇到
0.10523218607746171,且慢
0.10566285202805248,再见
0.10582861582861575,怕
0.10595286276919103,请问
0.10631111133177396,没什么
0.10657670519729578,夸张
0.10699865907814521,不敢恭维
0.10699865907814521,他妈的
0.10768017339212288,好些
0.10822569243621871,心疼
0.10826489284437896,嘿
0.10835017133404234,以
0.10836695599407464,也罢
0.10836695599407464,然
0.10928485656354314,为了
0.10928485656354314,而
0.1093468651828548,用
0.10975024975024983,堆积
0.10975024975024983,增
0.110007334713217,老
0.11075275601591394,增加
0.11108387478623422,回头
0.11149184149184144,知足
0.1115646258503401,劲
0.11156462585034016,诚心
0.11236807366624818,过
0.11292829775588398,有心
0.11420167134452852,抓
0.11498974569319109,多谢
0.1153565878565877,抱歉
0.11571636863537421,好吃
0.11580801264237711,对不起
0.1160767189799447,忧伤
0.1161324041811847,热情
0.11613375130616516,是
0.11643678160919535,不足
0.11650838221592935,恭喜
0.11676049730236926,超
0.1170308123249299,希望
0.1170308123249299,期望
0.1170308123249299,需要
0.11726181864112895,满足
0.117572040362738,宽
0.11790998556940047,不到
0.11904761904761907,为
0.11977910977910972,恨
0.12209746189338022,亲
0.12291042291042292,满意
0.1232131519274377,以上
0.12351261641584221,怒
0.12429158652093691,口轻
0.12433031620171586,早
0.12451380552220898,不愿
0.12451380552220898,懒得
0.12459762459762458,感谢
0.12459762459762458,答应
0.12488829250895706,疼
0.125086025086025,佩服
0.125086025086025,关心
0.125086025086025,关注
0.125086025086025,同意
0.125086025086025,在意
0.125086025086025,尊重
0.125086025086025,应承
0.125086025086025,怀念
0.125086025086025,想念
0.125086025086025,想起
0.125086025086025,拜服
0.125086025086025,注意
0.125086025086025,烧高香
0.125086025086025,说好
0.125086025086025,重视
0.125086025086025,高度评价
0.125086025086025,默认
0.12508602508602507,理会
0.12582633053221287,用来
0.12599511599511598,内疚
0.12599511599511598,怀疑
0.1265553494124922,鬼
0.12709144925734778,可怜
0.12746031746031744,好心
0.12749344223028436,会
0.12936507936507952,强
0.13022809123649465,很想
0.13022809123649465,想要
0.13022809123649465,愿意
0.13089560720897125,把握
0.131076766370884,友情
0.131076766370884,好脾气
0.131076766370884,心情
0.131076766370884,恩
0.131076766370884,情怀
0.131076766370884,良心
0.131076766370884,诚意
0.131076766370884,责任心
0.13146357763839717,来
0.13200466200466204,口淡
0.13200466200466204,口重
0.13200466200466204,好吃懒做
0.13200466200466204,迷恋
0.1322046140733571,信
0.13412815942227713,感
0.13509237414161002,钟爱
0.1351626151626153,能
0.13796837653980498,临
0.14093048713738365,成
0.14172705808936353,要
0.14575367676208012,认
0.14626496392437882,歉
0.14635921854409245,行
0.14649490294651574,恐怖
0.1472672425613602,脾气
0.14751787983593923,厚
0.14782275072597645,恐惧
0.14782275072597645,愤怒
0.14867139714001992,意思
0.14968303814788747,敬业精神
0.1523476523476524,抖
0.15385614385614388,满
0.1540387569419827,信任
0.15795918367346934,超过
0.15915195915195918,爽
0.15921531921531917,重
0.1592740592740592,不愧
0.1592740592740592,不要脸
0.1592740592740592,好意思
0.1592740592740592,放心
0.1592740592740592,无耻
0.1592740592740592,欣慰
0.1592740592740592,理直气壮
0.16022809123649467,宁愿
0.16022809123649467,情愿
0.16177567530508713,定
0.16397999217733555,信心
0.1648662448662448,爽快
0.16955895955895955,哈
0.1697626622228955,醋
0.170124385418503,歉意
0.17044543267478302,不快
0.17212790356771462,委屈
0.17755495022575762,热心
0.1781585081585081,助人为乐
0.18429237429237433,爱
0.18668721959044537,不满
0.18725550826391163,想
0.1901745107317862,口味
0.1901745107317862,气味
0.1901745107317862,胃口
0.191076766370884,挚爱
0.19847887744439469,美
0.20150240440563016,安慰
0.20821962351374118,感情
0.2093106893106892,舒服
0.23620598797069386,乐
0.24362780077065793,开心
0.2545121545121544,快乐
0.29404069049230336,愉快
